incident_normal_wh,receiver_incident_wh,timestamp,duration_hours,dni_w_m2
506447312.9790267,79575645.4576968,2025-01-18T08:00:00+00:00,31.0,218.17588269360942
1595311295.8552332,607958673.2125411,2025-01-17T09:00:00+00:00,31.0,687.2550040732947
1943511395.73185,961744583.0008178,2025-01-17T10:00:00+00:00,31.0,837.2584934742309
2085603143.1817305,1144238197.0951204,2025-01-17T11:00:00+00:00,31.0,898.4711638327742
2142384589.004093,1223587559.7997544,2025-01-17T12:00:00+00:00,31.0,922.9324290926091
2145940430.3396523,1229176752.3604488,2025-01-17T13:00:00+00:00,31.0,924.4642741675408
2097967181.1727176,1163513245.6789198,2025-01-17T14:00:00+00:00,31.0,903.7975518561792
1972123819.6984196,1000855657.190292,2025-01-17T15:00:00+00:00,31.0,849.5846342097474
1668260514.4638147,678687583.6851,2025-01-17T16:00:00+00:00,31.0,718.6812941410788
745100558.8377159,160126732.6604648,2025-01-19T17:00:00+00:00,31.0,320.98693774026435
906198307.742007,254166074.28099558,2025-02-16T08:00:00+00:00,28.0,432.21454696181485
1560356919.0135043,718790592.9027007,2025-02-15T09:00:00+00:00,28.0,744.2178528567164
1796407322.790595,984406448.4526333,2025-02-15T10:00:00+00:00,28.0,856.8029431808052
1901430662.2777314,1117103932.5543008,2025-02-15T11:00:00+00:00,28.0,906.8942032383811
1946083192.3828142,1168332073.5710015,2025-02-15T12:00:00+00:00,28.0,928.1913883083408
1951412526.26253,1174345546.6815386,2025-02-15T13:00:00+00:00,28.0,930.7332332982984
1919621381.7430906,1138822719.820293,2025-02-15T14:00:00+00:00,28.0,915.5703324095301
1836646097.496497,1037094519.490331,2025-02-15T15:00:00+00:00,28.0,875.9949717149726
1653626243.66033,819208034.945081,2025-02-15T16:00:00+00:00,28.0,788.7029931987927
1187405840.94108,417499436.24249274,2025-02-16T17:00:00+00:00,28.0,566.337492817591
68552303.2319643,7972541.689226361,2025-02-24T18:00:00+00:00,14.0,65.39253589740163
482576088.24097985,105500994.46913205,2025-03-20T07:00:00+00:00,28.0,230.16640350321182
1560210149.0351264,667496372.7260467,2025-03-16T08:00:00+00:00,31.0,672.1335422849169
1942098637.5698354,1056965550.2550937,2025-03-16T09:00:00+00:00,31.0,836.6498817763573
2102530143.057503,1251298237.7170749,2025-03-16T10:00:00+00:00,31.0,905.7632612427308
2179793714.8630877,1338130971.2403576,2025-03-16T11:00:00+00:00,31.0,939.0481608694766
2213663526.2010293,1378873644.5873938,2025-03-16T12:00:00+00:00,31.0,953.6391672702306
2217163538.3713064,1382090578.2451742,2025-03-16T13:00:00+00:00,31.0,955.1469613193144
2191499231.5505614,1349117405.3703368,2025-03-16T14:00:00+00:00,31.0,944.090860021441
2127212097.8314795,1274454082.8296022,2025-03-16T15:00:00+00:00,31.0,916.3961684206399
1994110858.0819802,1106844956.5482128,2025-03-16T16:00:00+00:00,31.0,859.0565800256784
1693830569.8325377,761952898.2981874,2025-03-16T17:00:00+00:00,31.0,729.6967922148804
796280770.258434,188005385.61295038,2025-03-18T18:00:00+00:00,31.0,343.03520913394135
63728833.17429305,18529113.797611464,2025-03-31T18:00:00+00:00,2.0,425.53975143090736
112163791.61449452,18042937.570563324,2025-04-24T06:00:00+00:00,20.0,74.89569418702857
1192576593.6481228,457947673.02128243,2025-04-16T07:00:00+00:00,30.0,530.8834551496301
1687248445.9332535,887602530.2227669,2025-04-15T08:00:00+00:00,30.0,751.0899420999232
1897919034.8891997,1124812081.509228,2025-04-15T09:00:00+00:00,30.0,844.8713652462683
2004012659.7763917,1237784674.9201276,2025-04-15T10:00:00+00:00,30.0,892.0996526782321
2058837953.8842177,1302529972.8948379,2025-04-15T11:00:00+00:00,30.0,916.5054994142645
2081902867.786592,1330006984.5925093,2025-04-15T12:00:00+00:00,30.0,926.7730002611341
2079988537.9197972,1327801980.0839922,2025-04-15T13:00:00+00:00,30.0,925.920823504177
2052584386.220373,1295118856.5990684,2025-04-15T14:00:00+00:00,30.0,913.7216819001037
1991531338.6395245,1225536660.4419734,2025-04-15T15:00:00+00:00,30.0,886.5435090097693
1874336413.3638365,1103268781.0783026,2025-04-15T16:00:00+00:00,30.0,834.3734033849039
1638688096.6090477,838728227.6726376,2025-04-15T17:00:00+00:00,30.0,729.4729774790924
1068686509.0430125,372306779.3916528,2025-04-16T18:00:00+00:00,30.0,475.73295452413845
15432375.598119317,1502124.6807047715,2025-04-27T19:00:00+00:00,11.0,18.735887235478852
637223343.0126884,171700052.85807618,2025-05-17T06:00:00+00:00,31.0,274.5137781795791
1440100399.4200296,672954654.1326642,2025-05-15T07:00:00+00:00,31.0,620.3906462899873
1776830434.0553956,1008828419.0302343,2025-05-15T08:00:00+00:00,31.0,765.4528682689802
1943692501.0912466,1181794056.6590781,2025-05-15T09:00:00+00:00,31.0,837.3365130838248
2034327373.633614,1279944117.4327493,2025-05-15T10:00:00+00:00,31.0,876.3817263034376
2082773808.1592793,1334030261.018335,2025-05-15T11:00:00+00:00,31.0,897.2522953539791
2102945478.9908178,1352032287.6648254,2025-05-15T12:00:00+00:00,31.0,905.9421866344505
2099835214.9767165,1349383402.3428676,2025-05-15T13:00:00+00:00,31.0,904.6022948445432
2072708882.7639909,1324034784.6327486,2025-05-15T14:00:00+00:00,31.0,892.9163576836928
2014669099.8103113,1259330985.40164,2025-05-15T15:00:00+00:00,31.0,867.913004812147
1908035586.4823802,1150737928.6449866,2025-05-15T16:00:00+00:00,31.0,821.9756283095466
1708843948.789501,938162660.6846678,2025-05-15T17:00:00+00:00,31.0,736.1645078532011
1289925393.6763816,547728112.9395659,2025-05-15T18:00:00+00:00,31.0,555.6957341106537
306529637.25448436,61609618.558296435,2025-05-19T19:00:00+00:00,31.0,132.0519873752776
762010813.1079042,232795170.64300725,2025-06-13T06:00:00+00:00,30.0,339.21421523678254
1419615176.572951,690293022.1006898,2025-06-13T07:00:00+00:00,30.0,631.9512003975104
1712466678.7243416,986258735.1063018,2025-06-13T08:00:00+00:00,30.0,762.3160072668882
1863682441.5343235,1139120618.5987768,2025-06-13T09:00:00+00:00,30.0,829.6307164949721
1947859372.818912,1230607624.8485608,2025-06-13T10:00:00+00:00,30.0,867.1026410340576
1993788406.732813,1279160973.939614,2025-06-13T11:00:00+00:00,30.0,887.5482579828972
2013707801.979645,1296710154.155027,2025-06-13T12:00:00+00:00,30.0,896.4155101405048
2012223684.2191522,1295600817.4082556,2025-06-13T13:00:00+00:00,30.0,895.7548451830221
1989006868.138315,1275149060.7364192,2025-06-13T14:00:00+00:00,30.0,885.4197240644348
1938614561.141564,1221413876.361801,2025-06-13T15:00:00+00:00,30.0,862.9872512204294
1847226262.769157,1126667655.9186223,2025-06-13T16:00:00+00:00,30.0,822.3051383409602
1682146789.5270982,957525145.0308678,2025-06-13T17:00:00+00:00,30.0,748.8189055943171
1356737153.5593429,634444213.0930244,2025-06-13T18:00:00+00:00,30.0,603.9606274747714
614276123.7522632,165769987.0291799,2025-06-14T19:00:00+00:00,30.0,273.4491291632202
588524833.1379849,149572951.2649825,2025-07-16T06:00:00+00:00,31.0,253.53461587485683
1399956319.5899699,642075514.9901496,2025-07-17T07:00:00+00:00,31.0,603.0967050894232
1744605765.0551724,982393490.8887876,2025-07-17T08:00:00+00:00,31.0,751.5705839257433
1915966509.52341,1161736472.4524148,2025-07-17T09:00:00+00:00,31.0,825.3922445906579
2009665590.3621404,1262618121.0885937,2025-07-17T10:00:00+00:00,31.0,865.7575089442748
2060709152.6203966,1319895448.521917,2025-07-17T11:00:00+00:00,31.0,887.746912315799
2083596205.780611,1340401430.9085574,2025-07-17T12:00:00+00:00,31.0,897.6065816190137
2083871476.1621754,1340860378.4600973,2025-07-17T13:00:00+00:00,31.0,897.7251672190164
2061595400.0404623,1321150294.0843759,2025-07-17T14:00:00+00:00,31.0,888.1287048699184
2011377919.008906,1266874652.6988223,2025-07-17T15:00:00+00:00,31.0,866.4951746488456
1919017081.9028656,1170361617.5483334,2025-07-17T16:00:00+00:00,31.0,826.7064214152896
1750261943.9781513,996513734.6071438,2025-07-17T17:00:00+00:00,31.0,754.007247715976
1411931655.990038,659247275.7545921,2025-07-17T18:00:00+00:00,31.0,608.2556417106177
615623900.2951531,162967793.2155338,2025-07-16T19:00:00+00:00,31.0,265.20880733696805
173583957.2308448,28626400.28328059,2025-08-10T06:00:00+00:00,31.0,74.77941361268137
1253681330.9332836,504060399.6440627,2025-08-16T07:00:00+00:00,31.0,540.0819077979736
1709565930.8992732,917803506.1981183,2025-08-16T08:00:00+00:00,31.0,736.4755354370242
1914822838.8789232,1143068229.2585316,2025-08-16T09:00:00+00:00,31.0,824.89955493474
2021151696.3025253,1255051663.688755,2025-08-16T10:00:00+00:00,31.0,870.7056866481136
2077219023.7537289,1320666827.7286994,2025-08-16T11:00:00+00:00,31.0,894.8593119975856
2101626454.5259702,1346988505.9808948,2025-08-16T12:00:00+00:00,31.0,905.3739551135602
2101108706.9124045,1346585672.8916678,2025-08-16T13:00:00+00:00,31.0,905.1509110974943
2075514401.106924,1319234937.7578633,2025-08-16T14:00:00+00:00,31.0,894.1249660131259
2017693197.0971587,1253632420.1240442,2025-08-16T15:00:00+00:00,31.0,869.2157762515433
1908112349.6423452,1141894971.555979,2025-08-16T16:00:00+00:00,31.0,822.0086976333636
1695199654.865138,910095635.2846014,2025-08-16T17:00:00+00:00,31.0,730.2865896682656
1215261957.5550082,483511328.87077594,2025-08-16T18:00:00+00:00,31.0,523.5309646208159
160168405.42889592,28693459.475241132,2025-08-08T19:00:00+00:00,24.0,89.12504753655524
323749.717031738,17649.630185301347,2025-09-01T06:00:00+00:00,1.0,4.323580622752902
902353747.9554762,284576742.4504719,2025-09-15T07:00:00+00:00,30.0,401.6888123021137
1551886529.855546,767494223.2829045,2025-09-15T08:00:00+00:00,30.0,690.832678888684
1811811538.150624,1045365975.8088074,2025-09-16T09:00:00+00:00,30.0,806.5400365699024
1937277819.945754,1177874904.9965928,2025-09-16T10:00:00+00:00,30.0,862.3921919274125
2000023673.5148985,1246650652.5551257,2025-09-16T11:00:00+00:00,30.0,890.3239287370501
2024854722.0793047,1275741514.387482,2025-09-16T12:00:00+00:00,30.0,901.3776362532586
2019794082.9476547,1269661234.1830275,2025-09-16T13:00:00+00:00,30.0,899.1248588620193
1983242155.4089108,1228084317.407493,2025-09-16T14:00:00+00:00,30.0,882.853523597285
1902618472.5463073,1144320709.1680114,2025-09-16T15:00:00+00:00,30.0,846.9633513827823
1741952499.6814733,973115369.6072229,2025-09-15T16:00:00+00:00,30.0,775.4418178781399
1389683833.7098303,627082902.1827257,2025-09-15T17:00:00+00:00,30.0,618.6270627269636
474905408.07281375,120392106.11921626,2025-09-11T18:00:00+00:00,30.0,211.40732196973812
39954096.18086906,4624801.899042335,2025-10-28T07:00:00+00:00,6.0,88.92916706924136
712935808.9274039,116248062.74697068,2025-10-20T07:00:00+00:00,31.0,307.1304663493452
1601078569.75268,660556123.6093836,2025-10-18T08:00:00+00:00,31.0,689.7395272232098
1912194018.0842898,1015352826.8576922,2025-10-17T09:00:00+00:00,31.0,823.767067343991
2048731234.6433508,1197326959.3451486,2025-10-17T10:00:00+00:00,31.0,882.5868635594712
2110747192.4425125,1272785882.9346507,2025-10-17T11:00:00+00:00,31.0,909.3031398377332
2128182206.7193544,1296052758.793931,2025-10-17T12:00:00+00:00,31.0,916.8140882269184
2107722997.0877008,1277401765.5911133,2025-10-17T13:00:00+00:00,31.0,908.0003261509481
2040131195.6598113,1210179044.357677,2025-10-17T14:00:00+00:00,31.0,878.8819942703317
1887077749.257709,1050654803.6509359,2025-10-16T15:00:00+00:00,31.0,812.9470590612498
1502103625.671897,710908461.5951173,2025-10-15T16:00:00+00:00,31.0,647.101437858385
830733286.5525856,254093021.98974416,2025-10-12T17:00:00+00:00,25.0,443.767781278085
3001547.746850447,195084.1618285139,2025-10-02T18:00:00+00:00,3.0,13.361590753429567
18435317.817939248,1339320.3383535675,2025-11-03T07:00:00+00:00,6.0,41.0330257699861
1252155954.6539438,381125592.5437403,2025-11-14T08:00:00+00:00,30.0,557.4056065945257
1799935805.4708388,830464108.522791,2025-11-15T09:00:00+00:00,30.0,801.253474657606
1996959446.223572,1073041611.396513,2025-11-15T10:00:00+00:00,30.0,888.9598674428192
2081220856.0969512,1191934423.4918547,2025-11-15T11:00:00+00:00,30.0,926.4693981913101
2109447104.7194293,1230653587.7881398,2025-11-15T12:00:00+00:00,30.0,939.0345017447514
2095842284.2857418,1211653809.727241,2025-11-15T13:00:00+00:00,30.0,932.9782248423118
2033879302.901406,1122449258.020812,2025-11-15T14:00:00+00:00,30.0,905.3949888272065
1887073911.9376163,927945329.3832289,2025-11-15T15:00:00+00:00,30.0,840.0435861545598
1516205728.56177,551353599.3180668,2025-11-15T16:00:00+00:00,30.0,674.9491313042072
308447129.1007395,40035162.580767944,2025-11-11T17:00:00+00:00,30.0,137.30730462105427
715053811.4371126,130988510.16286364,2025-12-13T08:00:00+00:00,31.0,308.042895056657
1691051681.780333,650571787.3361583,2025-12-15T09:00:00+00:00,31.0,728.4996561295161
1996464130.6178973,978026718.0670185,2025-12-15T10:00:00+00:00,31.0,860.0703623078215
2119346799.3594148,1141704278.0465517,2025-12-15T11:00:00+00:00,31.0,913.0078229939696
2164027740.6649923,1206478478.9421518,2025-12-15T12:00:00+00:00,31.0,932.2562296082409
2156528884.497051,1195082209.1129074,2025-12-15T13:00:00+00:00,31.0,929.0257463542036
2092887328.3777306,1103257127.4208324,2025-12-15T14:00:00+00:00,31.0,901.6091675186638
1932927143.967477,896177784.7665585,2025-12-15T15:00:00+00:00,31.0,832.6988316650514
1515006647.5455856,497453710.0749,2025-12-15T16:00:00+00:00,31.0,652.6600184146641
187040968.44827357,14494765.435849572,2025-12-19T17:00:00+00:00,31.0,80.57665100646003
