plant_id,plant_name,mirrors,towers,optimization_scope,estimated_screen_s,estimated_full_field_sample_s,estimated_round_s,estimated_30_moves_s,estimated_60_moves_s,estimated_textcreen_text,estimated_full_field_textample_text,estimated_round_text,estimated_30_moves_text,estimated_60_moves_text
ps10,PS10（西班牙）,624,1,single-tower ready,0.20273008395452052,0.05231670802459121,0.830530580249615,24.91591740748845,49.8318348149769,0.20 s,0.05 s,0.83 s,25 s,50 s
crescent-dunes,Crescent Dunes（美国）,10347,1,single-tower ready,13.688724701340739,1.321949140940572,29.5521143926276,886.5634317788281,1773.1268635576562,14 s,1 s,30 s,14.8 min,29.6 min
khi-solar-one,Khi Solar One（南非）,4120,1,single-tower ready,3.439435264386818,0.4584689507545525,8.941062673441447,268.2318802032434,536.4637604064868,3 s,0.46 s,9 s,4.5 min,8.9 min
cerro-dominador,Cerro Dominador（智利）,10600,1,single-tower ready,14.193846806560959,1.3591890765377843,30.50411572501437,915.1234717504311,1830.2469435008622,14 s,1 s,31 s,15.3 min,30.5 min
noor-iii,NOOR III（摩洛哥）,2650,1,single-tower ready,1.7742308508201199,0.27600114612975857,5.086244604377223,152.58733813131667,305.17467626263334,2 s,0.28 s,5 s,2.5 min,5.1 min
shouhang-dunhuang-i,首航敦煌一期 10 MW（中国）,1525,1,single-tower ready,0.7745439771657108,0.1461969965868424,2.52890793620782,75.8672380862346,151.7344761724692,0.77 s,0.15 s,3 s,76 s,2.5 min
shouhang-dunhuang-ii,首航敦煌二期 100 MW（中国）,12121,1,single-tower ready,17.355974067261577,1.585796114522102,36.385527441526804,1091.565823245804,2183.131646491608,17 s,2 s,36 s,18.2 min,36.4 min
powerchina-qinghai-gonghe,中电建青海共和 50 MW（中国）,30016,1,single-tower ready,67.63485148935204,4.499185192823439,121.6250738032333,3648.752214096999,7297.504428193998,68 s,4 s,2.0 min,60.8 min,2.0 h
luneng-haixi,鲁能海西 50 MW（中国）,4400,1,single-tower ready,3.795948663909146,0.49447997481443334,9.729708361682347,291.8912508504704,583.7825017009408,4 s,0.49 s,10 s,4.9 min,9.7 min
supcon-delingha-10,中控德令哈 10 MW（中国）,22500,1,single-tower ready,43.89500399331268,3.2298921899870314,82.65371027315706,2479.611308194712,4959.222616389424,44 s,3 s,83 s,41.3 min,82.7 min
supcon-delingha-50,中控德令哈 50 MW（中国）,27135,1,single-tower ready,58.13478284811749,4.006244312444783,106.20971459745488,3186.2914379236463,6372.582875847293,58 s,4 s,1.8 min,53.1 min,1.8 h
ceec-hami,中电工程哈密 50 MW（中国）,14500,1,single-tower ready,22.708754698572243,1.9487284836255954,46.09349650207939,1382.8048950623818,2765.6097901247635,23 s,2 s,46 s,23.0 min,46.1 min
yumen-xinneng-beam-down,玉门鑫能 50 MW 二次反射（中国）,13015,1,single-tower ready,19.311124970923206,1.7210319340651514,39.96350817970502,1198.9052453911506,2397.8104907823013,19 s,2 s,40 s,20.0 min,40.0 min
ctg-hengji-guazhou-dual-tower,三峡恒基能脉瓜州 100 MW 双塔一机（中国）,26944,2,multi-tower assignment required,57.52205863242134,3.9738320742772206,105.20804352374799,3156.2413057124395,6312.482611424879,58 s,4 s,1.8 min,52.6 min,1.8 h
