layout,objective_proxy,exact_receiver_incident_mw,shortlisted,minimum_spacing_m,parameters
Campo优化圆形交错,2018.6416339478167,127.89646711630148,True,15.312905825250342,"{""dr2"": 0.9, ""dr3"": 1.8}"
Campo优化圆形交错,2016.0579725621672,127.76914766254797,True,15.312905825250342,"{""dr2"": 0.9, ""dr3"": 2.0}"
Campo优化圆形交错,2013.5688596448672,127.26143870417965,True,15.312905825250342,"{""dr2"": 0.9, ""dr3"": 2.2}"
Campo优化圆形交错,2011.1639831404823,126.527752316826,True,15.312905825250342,"{""dr2"": 0.9, ""dr3"": 2.4}"
Campo优化圆形交错,2008.8386574298993,,False,15.312905825250342,"{""dr2"": 0.9, ""dr3"": 2.6}"
Campo优化圆形交错,2011.4796983493584,126.85453070869949,True,15.420114245160747,"{""dr2"": 1.0, ""dr3"": 1.8}"
Campo优化圆形交错,2008.978714499793,,False,15.420114245160747,"{""dr2"": 1.0, ""dr3"": 2.0}"
Campo优化圆形交错,2006.5666303400176,,False,15.420114245160747,"{""dr2"": 1.0, ""dr3"": 2.2}"
Campo优化圆形交错,2004.2359347265788,,False,15.420114245160747,"{""dr2"": 1.0, ""dr3"": 2.4}"
Campo优化圆形交错,2001.9782622912953,,False,15.420114245160747,"{""dr2"": 1.0, ""dr3"": 2.6}"
Campo优化圆形交错,2004.6038455380449,,False,15.527322665071171,"{""dr2"": 1.1, ""dr3"": 1.8}"
Campo优化圆形交错,2002.1804039098427,,False,15.527322665071171,"{""dr2"": 1.1, ""dr3"": 2.0}"
Campo优化圆形交错,1999.8373165583912,,False,15.527322665071171,"{""dr2"": 1.1, ""dr3"": 2.2}"
Campo优化圆形交错,1997.572773368563,,False,15.527322665071171,"{""dr2"": 1.1, ""dr3"": 2.4}"
Campo优化圆形交错,1995.378475756173,,False,15.527322665071171,"{""dr2"": 1.1, ""dr3"": 2.6}"
Campo优化圆形交错,1997.9892824597923,,False,15.634531084981615,"{""dr2"": 1.2, ""dr3"": 1.8}"
Campo优化圆形交错,1995.6369915249816,,False,15.634531084981615,"{""dr2"": 1.2, ""dr3"": 2.0}"
Campo优化圆形交错,1993.3605453585083,,False,15.634531084981615,"{""dr2"": 1.2, ""dr3"": 2.2}"
Campo优化圆形交错,1991.1581847389568,,False,15.634531084981615,"{""dr2"": 1.2, ""dr3"": 2.4}"
Campo优化圆形交错,1989.0211016142996,,False,15.634531084981615,"{""dr2"": 1.2, ""dr3"": 2.6}"
非圆曲线交错,1982.5439524923822,119.5111025661001,True,15.95343853534236,"{""north_south_offset_m"": -25.0, ""ellipticity_offset_m"": 15.0, ""security_distance_m"": 3.0}"
非圆曲线交错,1978.5885058573626,,False,16.658042958115725,"{""north_south_offset_m"": 0.0, ""ellipticity_offset_m"": -15.0, ""security_distance_m"": 3.0}"
非圆曲线交错,1979.615935967237,,False,18.238793206954135,"{""north_south_offset_m"": 0.0, ""ellipticity_offset_m"": 0.0, ""security_distance_m"": 3.0}"
非圆曲线交错,1980.903395247123,118.49571346601064,True,16.686164401230833,"{""north_south_offset_m"": 0.0, ""ellipticity_offset_m"": 15.0, ""security_distance_m"": 3.0}"
非圆曲线交错,1979.787730283452,117.41472379978308,True,15.953438535342391,"{""north_south_offset_m"": 25.0, ""ellipticity_offset_m"": 15.0, ""security_distance_m"": 3.0}"
价值场自由排布,1969.5223477607562,,False,16.000665449680326,"{""spacing_m"": 16.0, ""boundary_radius_m"": 950, ""north_south"": 0.0, ""ellipticity"": -0.05, ""selected_north_fraction"": 0.6}"
价值场自由排布,2006.6520155048122,,False,16.000665449680326,"{""spacing_m"": 16.0, ""boundary_radius_m"": 950, ""north_south"": 0.0, ""ellipticity"": -0.05, ""selected_north_fraction"": 0.7}"
价值场自由排布,2034.1052049531743,,False,16.00059786305244,"{""spacing_m"": 16.0, ""boundary_radius_m"": 950, ""north_south"": 0.0, ""ellipticity"": -0.05, ""selected_north_fraction"": 0.8}"
价值场自由排布,1967.5280330549035,,False,16.000791699151275,"{""spacing_m"": 16.0, ""boundary_radius_m"": 950, ""north_south"": 0.0, ""ellipticity"": 0.0, ""selected_north_fraction"": 0.6}"
价值场自由排布,2005.9295682062675,,False,16.000791699151275,"{""spacing_m"": 16.0, ""boundary_radius_m"": 950, ""north_south"": 0.0, ""ellipticity"": 0.0, ""selected_north_fraction"": 0.7}"
价值场自由排布,2034.6012047967474,,False,16.000791699151275,"{""spacing_m"": 16.0, ""boundary_radius_m"": 950, ""north_south"": 0.0, ""ellipticity"": 0.0, ""selected_north_fraction"": 0.8}"
价值场自由排布,1969.8177174945488,,False,16.00377538869666,"{""spacing_m"": 16.0, ""boundary_radius_m"": 950, ""north_south"": 0.0, ""ellipticity"": 0.05, ""selected_north_fraction"": 0.6}"
价值场自由排布,2009.2780435359418,,False,16.00377538869666,"{""spacing_m"": 16.0, ""boundary_radius_m"": 950, ""north_south"": 0.0, ""ellipticity"": 0.05, ""selected_north_fraction"": 0.7}"
价值场自由排布,2039.4828941764322,,False,16.00377538869666,"{""spacing_m"": 16.0, ""boundary_radius_m"": 950, ""north_south"": 0.0, ""ellipticity"": 0.05, ""selected_north_fraction"": 0.8}"
价值场自由排布,1970.4030972962805,,False,16.002590212231496,"{""spacing_m"": 16.0, ""boundary_radius_m"": 950, ""north_south"": 0.08, ""ellipticity"": -0.05, ""selected_north_fraction"": 0.6}"
价值场自由排布,2008.9523419652467,,False,16.002590212231496,"{""spacing_m"": 16.0, ""boundary_radius_m"": 950, ""north_south"": 0.08, ""ellipticity"": -0.05, ""selected_north_fraction"": 0.7}"
价值场自由排布,2039.1333426642059,,False,16.002590212231496,"{""spacing_m"": 16.0, ""boundary_radius_m"": 950, ""north_south"": 0.08, ""ellipticity"": -0.05, ""selected_north_fraction"": 0.8}"
价值场自由排布,1979.783383831436,,False,16.000546315218624,"{""spacing_m"": 16.0, ""boundary_radius_m"": 950, ""north_south"": 0.08, ""ellipticity"": 0.0, ""selected_north_fraction"": 0.6}"
价值场自由排布,2021.8120113877126,,False,16.000546315218624,"{""spacing_m"": 16.0, ""boundary_radius_m"": 950, ""north_south"": 0.08, ""ellipticity"": 0.0, ""selected_north_fraction"": 0.7}"
价值场自由排布,2056.1038931294293,,False,16.000546315218624,"{""spacing_m"": 16.0, ""boundary_radius_m"": 950, ""north_south"": 0.08, ""ellipticity"": 0.0, ""selected_north_fraction"": 0.8}"
价值场自由排布,1990.1721495449403,,False,16.00116398445228,"{""spacing_m"": 16.0, ""boundary_radius_m"": 950, ""north_south"": 0.08, ""ellipticity"": 0.05, ""selected_north_fraction"": 0.6}"
价值场自由排布,2035.3219694646696,,False,16.000261688778963,"{""spacing_m"": 16.0, ""boundary_radius_m"": 950, ""north_south"": 0.08, ""ellipticity"": 0.05, ""selected_north_fraction"": 0.7}"
价值场自由排布,2073.539399564037,,False,16.000261688778963,"{""spacing_m"": 16.0, ""boundary_radius_m"": 950, ""north_south"": 0.08, ""ellipticity"": 0.05, ""selected_north_fraction"": 0.8}"
价值场自由排布,2010.0142437459199,,False,16.00048790404761,"{""spacing_m"": 16.0, ""boundary_radius_m"": 1100, ""north_south"": 0.0, ""ellipticity"": -0.05, ""selected_north_fraction"": 0.6}"
价值场自由排布,2050.1357977866464,,False,16.000119701457542,"{""spacing_m"": 16.0, ""boundary_radius_m"": 1100, ""north_south"": 0.0, ""ellipticity"": -0.05, ""selected_north_fraction"": 0.7}"
价值场自由排布,2084.4157107670744,,False,16.000119701457542,"{""spacing_m"": 16.0, ""boundary_radius_m"": 1100, ""north_south"": 0.0, ""ellipticity"": -0.05, ""selected_north_fraction"": 0.8}"
价值场自由排布,2016.7755459693444,110.55017571320704,True,16.759142657993667,"{""spacing_m"": 16.0, ""boundary_radius_m"": 1100, ""north_south"": 0.0, ""ellipticity"": 0.0, ""selected_north_fraction"": 0.6}"
价值场自由排布,2056.6311300720763,108.49205213304688,True,16.759142657993667,"{""spacing_m"": 16.0, ""boundary_radius_m"": 1100, ""north_south"": 0.0, ""ellipticity"": 0.0, ""selected_north_fraction"": 0.7}"
价值场自由排布,2090.718638947042,103.87603477097338,True,16.759142657993667,"{""spacing_m"": 16.0, ""boundary_radius_m"": 1100, ""north_south"": 0.0, ""ellipticity"": 0.0, ""selected_north_fraction"": 0.8}"
价值场自由排布,2010.7202673261565,,False,16.001179396610446,"{""spacing_m"": 16.0, ""boundary_radius_m"": 1100, ""north_south"": 0.0, ""ellipticity"": 0.05, ""selected_north_fraction"": 0.6}"
价值场自由排布,2050.5374148133797,,False,16.001179396610446,"{""spacing_m"": 16.0, ""boundary_radius_m"": 1100, ""north_south"": 0.0, ""ellipticity"": 0.05, ""selected_north_fraction"": 0.7}"
价值场自由排布,2084.6108697198347,,False,16.001179396610446,"{""spacing_m"": 16.0, ""boundary_radius_m"": 1100, ""north_south"": 0.0, ""ellipticity"": 0.05, ""selected_north_fraction"": 0.8}"
价值场自由排布,2005.5540530011172,,False,16.005731465892804,"{""spacing_m"": 16.0, ""boundary_radius_m"": 1100, ""north_south"": 0.08, ""ellipticity"": -0.05, ""selected_north_fraction"": 0.6}"
价值场自由排布,2046.3153195793082,,False,16.005731465892804,"{""spacing_m"": 16.0, ""boundary_radius_m"": 1100, ""north_south"": 0.08, ""ellipticity"": -0.05, ""selected_north_fraction"": 0.7}"
价值场自由排布,2081.396683435601,,False,16.005731465892804,"{""spacing_m"": 16.0, ""boundary_radius_m"": 1100, ""north_south"": 0.08, ""ellipticity"": -0.05, ""selected_north_fraction"": 0.8}"
价值场自由排布,2005.5198658798477,,False,16.000062872700084,"{""spacing_m"": 16.0, ""boundary_radius_m"": 1100, ""north_south"": 0.08, ""ellipticity"": 0.0, ""selected_north_fraction"": 0.6}"
价值场自由排布,2044.973207186027,,False,16.000062872700084,"{""spacing_m"": 16.0, ""boundary_radius_m"": 1100, ""north_south"": 0.08, ""ellipticity"": 0.0, ""selected_north_fraction"": 0.7}"
价值场自由排布,2078.7042014948124,,False,16.00135475591382,"{""spacing_m"": 16.0, ""boundary_radius_m"": 1100, ""north_south"": 0.08, ""ellipticity"": 0.0, ""selected_north_fraction"": 0.8}"
价值场自由排布,2000.1439234372415,,False,16.000463666774174,"{""spacing_m"": 16.0, ""boundary_radius_m"": 1100, ""north_south"": 0.08, ""ellipticity"": 0.05, ""selected_north_fraction"": 0.6}"
价值场自由排布,2039.4549552213532,,False,16.000775295345786,"{""spacing_m"": 16.0, ""boundary_radius_m"": 1100, ""north_south"": 0.08, ""ellipticity"": 0.05, ""selected_north_fraction"": 0.7}"
价值场自由排布,2072.8743796188573,,False,16.00135565437723,"{""spacing_m"": 16.0, ""boundary_radius_m"": 1100, ""north_south"": 0.08, ""ellipticity"": 0.05, ""selected_north_fraction"": 0.8}"
价值场自由排布,1943.93910423839,,False,18.00212522336143,"{""spacing_m"": 18.0, ""boundary_radius_m"": 950, ""north_south"": 0.0, ""ellipticity"": -0.05, ""selected_north_fraction"": 0.6}"
价值场自由排布,1976.7166341344887,,False,18.00212522336143,"{""spacing_m"": 18.0, ""boundary_radius_m"": 950, ""north_south"": 0.0, ""ellipticity"": -0.05, ""selected_north_fraction"": 0.7}"
价值场自由排布,1997.716677682985,,False,18.00021264297197,"{""spacing_m"": 18.0, ""boundary_radius_m"": 950, ""north_south"": 0.0, ""ellipticity"": -0.05, ""selected_north_fraction"": 0.8}"
价值场自由排布,1946.9328226588627,,False,18.00182724138529,"{""spacing_m"": 18.0, ""boundary_radius_m"": 950, ""north_south"": 0.0, ""ellipticity"": 0.0, ""selected_north_fraction"": 0.6}"
价值场自由排布,1983.468839910877,,False,18.00182724138529,"{""spacing_m"": 18.0, ""boundary_radius_m"": 950, ""north_south"": 0.0, ""ellipticity"": 0.0, ""selected_north_fraction"": 0.7}"
价值场自由排布,2006.7563000859373,,False,18.00182724138529,"{""spacing_m"": 18.0, ""boundary_radius_m"": 950, ""north_south"": 0.0, ""ellipticity"": 0.0, ""selected_north_fraction"": 0.8}"
价值场自由排布,1947.6185997127754,,False,18.00577381865919,"{""spacing_m"": 18.0, ""boundary_radius_m"": 950, ""north_south"": 0.0, ""ellipticity"": 0.05, ""selected_north_fraction"": 0.6}"
价值场自由排布,1986.2423616099582,,False,18.00577381865919,"{""spacing_m"": 18.0, ""boundary_radius_m"": 950, ""north_south"": 0.0, ""ellipticity"": 0.05, ""selected_north_fraction"": 0.7}"
价值场自由排布,2012.9204729017354,,False,18.00577381865919,"{""spacing_m"": 18.0, ""boundary_radius_m"": 950, ""north_south"": 0.0, ""ellipticity"": 0.05, ""selected_north_fraction"": 0.8}"
价值场自由排布,1948.4723240721637,,False,18.002261156561513,"{""spacing_m"": 18.0, ""boundary_radius_m"": 950, ""north_south"": 0.08, ""ellipticity"": -0.05, ""selected_north_fraction"": 0.6}"
价值场自由排布,1984.910003010942,,False,18.002261156561513,"{""spacing_m"": 18.0, ""boundary_radius_m"": 950, ""north_south"": 0.08, ""ellipticity"": -0.05, ""selected_north_fraction"": 0.7}"
价值场自由排布,2010.9674009586283,,False,18.002261156561513,"{""spacing_m"": 18.0, ""boundary_radius_m"": 950, ""north_south"": 0.08, ""ellipticity"": -0.05, ""selected_north_fraction"": 0.8}"
价值场自由排布,1946.2588778714658,,False,18.001266986878868,"{""spacing_m"": 18.0, ""boundary_radius_m"": 950, ""north_south"": 0.08, ""ellipticity"": 0.0, ""selected_north_fraction"": 0.6}"
价值场自由排布,1984.065353984211,,False,18.001266986878868,"{""spacing_m"": 18.0, ""boundary_radius_m"": 950, ""north_south"": 0.08, ""ellipticity"": 0.0, ""selected_north_fraction"": 0.7}"
价值场自由排布,2010.8134048053662,,False,18.002609410431404,"{""spacing_m"": 18.0, ""boundary_radius_m"": 950, ""north_south"": 0.08, ""ellipticity"": 0.0, ""selected_north_fraction"": 0.8}"
价值场自由排布,1947.4366767293159,,False,18.00014460450755,"{""spacing_m"": 18.0, ""boundary_radius_m"": 950, ""north_south"": 0.08, ""ellipticity"": 0.05, ""selected_north_fraction"": 0.6}"
价值场自由排布,1987.2087448459458,,False,18.00014460450755,"{""spacing_m"": 18.0, ""boundary_radius_m"": 950, ""north_south"": 0.08, ""ellipticity"": 0.05, ""selected_north_fraction"": 0.7}"
价值场自由排布,2016.0433642571018,,False,18.00014460450755,"{""spacing_m"": 18.0, ""boundary_radius_m"": 950, ""north_south"": 0.08, ""ellipticity"": 0.05, ""selected_north_fraction"": 0.8}"
价值场自由排布,1952.762635973584,,False,18.001716509548235,"{""spacing_m"": 18.0, ""boundary_radius_m"": 1100, ""north_south"": 0.0, ""ellipticity"": -0.05, ""selected_north_fraction"": 0.6}"
价值场自由排布,1988.6966006755115,,False,18.001716509548235,"{""spacing_m"": 18.0, ""boundary_radius_m"": 1100, ""north_south"": 0.0, ""ellipticity"": -0.05, ""selected_north_fraction"": 0.7}"
价值场自由排布,2016.372149398116,,False,18.001294915856672,"{""spacing_m"": 18.0, ""boundary_radius_m"": 1100, ""north_south"": 0.0, ""ellipticity"": -0.05, ""selected_north_fraction"": 0.8}"
价值场自由排布,1940.7017430098908,,False,18.00290170542219,"{""spacing_m"": 18.0, ""boundary_radius_m"": 1100, ""north_south"": 0.0, ""ellipticity"": 0.0, ""selected_north_fraction"": 0.6}"
价值场自由排布,1979.3467509272266,,False,18.00290170542219,"{""spacing_m"": 18.0, ""boundary_radius_m"": 1100, ""north_south"": 0.0, ""ellipticity"": 0.0, ""selected_north_fraction"": 0.7}"
价值场自由排布,2008.854305111226,,False,18.00290170542219,"{""spacing_m"": 18.0, ""boundary_radius_m"": 1100, ""north_south"": 0.0, ""ellipticity"": 0.0, ""selected_north_fraction"": 0.8}"
价值场自由排布,1954.988009361275,,False,18.000325232658188,"{""spacing_m"": 18.0, ""boundary_radius_m"": 1100, ""north_south"": 0.0, ""ellipticity"": 0.05, ""selected_north_fraction"": 0.6}"
价值场自由排布,1997.551999109964,,False,18.000325232658188,"{""spacing_m"": 18.0, ""boundary_radius_m"": 1100, ""north_south"": 0.0, ""ellipticity"": 0.05, ""selected_north_fraction"": 0.7}"
价值场自由排布,2032.8871319362995,,False,18.000325232658188,"{""spacing_m"": 18.0, ""boundary_radius_m"": 1100, ""north_south"": 0.0, ""ellipticity"": 0.05, ""selected_north_fraction"": 0.8}"
价值场自由排布,1963.440745644819,,False,18.00050080090698,"{""spacing_m"": 18.0, ""boundary_radius_m"": 1100, ""north_south"": 0.08, ""ellipticity"": -0.05, ""selected_north_fraction"": 0.6}"
价值场自由排布,2003.889121287616,,False,18.00086626272239,"{""spacing_m"": 18.0, ""boundary_radius_m"": 1100, ""north_south"": 0.08, ""ellipticity"": -0.05, ""selected_north_fraction"": 0.7}"
价值场自由排布,2037.8902613614646,,False,18.00086626272239,"{""spacing_m"": 18.0, ""boundary_radius_m"": 1100, ""north_south"": 0.08, ""ellipticity"": -0.05, ""selected_north_fraction"": 0.8}"
价值场自由排布,1970.1842976917476,98.02863756124017,True,18.00062123047779,"{""spacing_m"": 18.0, ""boundary_radius_m"": 1100, ""north_south"": 0.08, ""ellipticity"": 0.0, ""selected_north_fraction"": 0.6}"
价值场自由排布,2016.0338746253062,96.02163823025278,True,18.00062123047779,"{""spacing_m"": 18.0, ""boundary_radius_m"": 1100, ""north_south"": 0.08, ""ellipticity"": 0.0, ""selected_north_fraction"": 0.7}"
价值场自由排布,2055.4719902059314,93.60808156762876,True,18.00062123047779,"{""spacing_m"": 18.0, ""boundary_radius_m"": 1100, ""north_south"": 0.08, ""ellipticity"": 0.0, ""selected_north_fraction"": 0.8}"
价值场自由排布,1966.6735264011031,,False,18.001609016040273,"{""spacing_m"": 18.0, ""boundary_radius_m"": 1100, ""north_south"": 0.08, ""ellipticity"": 0.05, ""selected_north_fraction"": 0.6}"
价值场自由排布,2012.078725928883,,False,18.001609016040273,"{""spacing_m"": 18.0, ""boundary_radius_m"": 1100, ""north_south"": 0.08, ""ellipticity"": 0.05, ""selected_north_fraction"": 0.7}"
价值场自由排布,2050.645101926284,,False,18.002070323346853,"{""spacing_m"": 18.0, ""boundary_radius_m"": 1100, ""north_south"": 0.08, ""ellipticity"": 0.05, ""selected_north_fraction"": 0.8}"
价值场自由排布,1915.6358159743857,,False,20.002201906568878,"{""spacing_m"": 20.0, ""boundary_radius_m"": 950, ""north_south"": 0.0, ""ellipticity"": -0.05, ""selected_north_fraction"": 0.6}"
价值场自由排布,1943.9762735664553,,False,20.002201906568878,"{""spacing_m"": 20.0, ""boundary_radius_m"": 950, ""north_south"": 0.0, ""ellipticity"": -0.05, ""selected_north_fraction"": 0.7}"
价值场自由排布,1917.8806360611725,,False,20.003370281357398,"{""spacing_m"": 20.0, ""boundary_radius_m"": 950, ""north_south"": 0.0, ""ellipticity"": 0.0, ""selected_north_fraction"": 0.6}"
价值场自由排布,1946.6352249264314,,False,20.00192999060928,"{""spacing_m"": 20.0, ""boundary_radius_m"": 950, ""north_south"": 0.0, ""ellipticity"": 0.0, ""selected_north_fraction"": 0.7}"
价值场自由排布,1917.1495165002689,,False,20.00205409477171,"{""spacing_m"": 20.0, ""boundary_radius_m"": 950, ""north_south"": 0.0, ""ellipticity"": 0.05, ""selected_north_fraction"": 0.6}"
价值场自由排布,1945.6048848574078,,False,20.00205409477171,"{""spacing_m"": 20.0, ""boundary_radius_m"": 950, ""north_south"": 0.0, ""ellipticity"": 0.05, ""selected_north_fraction"": 0.7}"
价值场自由排布,1920.0219324670447,,False,20.00057629699965,"{""spacing_m"": 20.0, ""boundary_radius_m"": 950, ""north_south"": 0.08, ""ellipticity"": -0.05, ""selected_north_fraction"": 0.6}"
价值场自由排布,1951.9813074494766,,False,20.004793369840208,"{""spacing_m"": 20.0, ""boundary_radius_m"": 950, ""north_south"": 0.08, ""ellipticity"": -0.05, ""selected_north_fraction"": 0.7}"
价值场自由排布,1968.6547922532436,,False,20.004793369840208,"{""spacing_m"": 20.0, ""boundary_radius_m"": 950, ""north_south"": 0.08, ""ellipticity"": -0.05, ""selected_north_fraction"": 0.8}"
价值场自由排布,1923.0823446507297,,False,20.000477954165465,"{""spacing_m"": 20.0, ""boundary_radius_m"": 950, ""north_south"": 0.08, ""ellipticity"": 0.0, ""selected_north_fraction"": 0.6}"
价值场自由排布,1957.2355823318157,,False,20.000477954165465,"{""spacing_m"": 20.0, ""boundary_radius_m"": 950, ""north_south"": 0.08, ""ellipticity"": 0.0, ""selected_north_fraction"": 0.7}"
价值场自由排布,1975.8723854486198,,False,20.000477954165465,"{""spacing_m"": 20.0, ""boundary_radius_m"": 950, ""north_south"": 0.08, ""ellipticity"": 0.0, ""selected_north_fraction"": 0.8}"
价值场自由排布,1923.912839221184,91.50196110011157,True,20.00071022897267,"{""spacing_m"": 20.0, ""boundary_radius_m"": 950, ""north_south"": 0.08, ""ellipticity"": 0.05, ""selected_north_fraction"": 0.6}"
价值场自由排布,1962.0337718387873,,False,20.00071022897267,"{""spacing_m"": 20.0, ""boundary_radius_m"": 950, ""north_south"": 0.08, ""ellipticity"": 0.05, ""selected_north_fraction"": 0.7}"
价值场自由排布,1984.2082141552962,,False,20.00071022897267,"{""spacing_m"": 20.0, ""boundary_radius_m"": 950, ""north_south"": 0.08, ""ellipticity"": 0.05, ""selected_north_fraction"": 0.8}"
价值场自由排布,1922.1398069067607,,False,20.00334326089288,"{""spacing_m"": 20.0, ""boundary_radius_m"": 1100, ""north_south"": 0.0, ""ellipticity"": -0.05, ""selected_north_fraction"": 0.6}"
价值场自由排布,1957.802397425909,,False,20.00334326089288,"{""spacing_m"": 20.0, ""boundary_radius_m"": 1100, ""north_south"": 0.0, ""ellipticity"": -0.05, ""selected_north_fraction"": 0.7}"
价值场自由排布,1982.066533725778,,False,20.00334326089288,"{""spacing_m"": 20.0, ""boundary_radius_m"": 1100, ""north_south"": 0.0, ""ellipticity"": -0.05, ""selected_north_fraction"": 0.8}"
价值场自由排布,1922.264584819388,,False,20.000150075880235,"{""spacing_m"": 20.0, ""boundary_radius_m"": 1100, ""north_south"": 0.0, ""ellipticity"": 0.0, ""selected_north_fraction"": 0.6}"
价值场自由排布,1959.3904822719378,,False,20.000150075880235,"{""spacing_m"": 20.0, ""boundary_radius_m"": 1100, ""north_south"": 0.0, ""ellipticity"": 0.0, ""selected_north_fraction"": 0.7}"
价值场自由排布,1984.6804351906976,,False,20.000150075880235,"{""spacing_m"": 20.0, ""boundary_radius_m"": 1100, ""north_south"": 0.0, ""ellipticity"": 0.0, ""selected_north_fraction"": 0.8}"
价值场自由排布,1920.6441092485375,,False,20.000626873612987,"{""spacing_m"": 20.0, ""boundary_radius_m"": 1100, ""north_south"": 0.0, ""ellipticity"": 0.05, ""selected_north_fraction"": 0.6}"
价值场自由排布,1960.6766599656785,,False,20.000626873612987,"{""spacing_m"": 20.0, ""boundary_radius_m"": 1100, ""north_south"": 0.0, ""ellipticity"": 0.05, ""selected_north_fraction"": 0.7}"
价值场自由排布,1989.0214644496239,,False,20.000626873612987,"{""spacing_m"": 20.0, ""boundary_radius_m"": 1100, ""north_south"": 0.0, ""ellipticity"": 0.05, ""selected_north_fraction"": 0.8}"
价值场自由排布,1923.5230231035052,,False,20.00105034150808,"{""spacing_m"": 20.0, ""boundary_radius_m"": 1100, ""north_south"": 0.08, ""ellipticity"": -0.05, ""selected_north_fraction"": 0.6}"
价值场自由排布,1960.2995189147814,,False,20.00105034150808,"{""spacing_m"": 20.0, ""boundary_radius_m"": 1100, ""north_south"": 0.08, ""ellipticity"": -0.05, ""selected_north_fraction"": 0.7}"
价值场自由排布,1987.0448350302177,,False,20.00105034150808,"{""spacing_m"": 20.0, ""boundary_radius_m"": 1100, ""north_south"": 0.08, ""ellipticity"": -0.05, ""selected_north_fraction"": 0.8}"
价值场自由排布,1922.0198278830817,,False,20.00102112830792,"{""spacing_m"": 20.0, ""boundary_radius_m"": 1100, ""north_south"": 0.08, ""ellipticity"": 0.0, ""selected_north_fraction"": 0.6}"
价值场自由排布,1960.9248049740172,,False,20.00102112830792,"{""spacing_m"": 20.0, ""boundary_radius_m"": 1100, ""north_south"": 0.08, ""ellipticity"": 0.0, ""selected_north_fraction"": 0.7}"
价值场自由排布,1989.788851148172,,False,20.00102112830792,"{""spacing_m"": 20.0, ""boundary_radius_m"": 1100, ""north_south"": 0.08, ""ellipticity"": 0.0, ""selected_north_fraction"": 0.8}"
价值场自由排布,1922.918589480755,,False,20.00811934105528,"{""spacing_m"": 20.0, ""boundary_radius_m"": 1100, ""north_south"": 0.08, ""ellipticity"": 0.05, ""selected_north_fraction"": 0.6}"
价值场自由排布,1963.4651971565338,86.97442195486043,True,20.00811934105528,"{""spacing_m"": 20.0, ""boundary_radius_m"": 1100, ""north_south"": 0.08, ""ellipticity"": 0.05, ""selected_north_fraction"": 0.7}"
价值场自由排布,1993.9613274731591,85.51156281292575,True,20.00811934105528,"{""spacing_m"": 20.0, ""boundary_radius_m"": 1100, ""north_south"": 0.08, ""ellipticity"": 0.05, ""selected_north_fraction"": 0.8}"
价值场自由排布,1872.7658534312259,,False,22.002706682524764,"{""spacing_m"": 22.0, ""boundary_radius_m"": 950, ""north_south"": 0.0, ""ellipticity"": -0.05, ""selected_north_fraction"": 0.6}"
价值场自由排布,1881.9774653113845,,False,22.00265432746007,"{""spacing_m"": 22.0, ""boundary_radius_m"": 950, ""north_south"": 0.0, ""ellipticity"": 0.05, ""selected_north_fraction"": 0.6}"
价值场自由排布,1891.835710881056,,False,22.006604932973826,"{""spacing_m"": 22.0, ""boundary_radius_m"": 950, ""north_south"": 0.08, ""ellipticity"": -0.05, ""selected_north_fraction"": 0.6}"
价值场自由排布,1915.95111785407,,False,22.006604932973826,"{""spacing_m"": 22.0, ""boundary_radius_m"": 950, ""north_south"": 0.08, ""ellipticity"": -0.05, ""selected_north_fraction"": 0.7}"
价值场自由排布,1888.6754985417656,,False,22.00248050243349,"{""spacing_m"": 22.0, ""boundary_radius_m"": 950, ""north_south"": 0.08, ""ellipticity"": 0.0, ""selected_north_fraction"": 0.6}"
价值场自由排布,1895.2050338617778,,False,22.00162726454496,"{""spacing_m"": 22.0, ""boundary_radius_m"": 950, ""north_south"": 0.08, ""ellipticity"": 0.05, ""selected_north_fraction"": 0.6}"
价值场自由排布,1897.7381524588345,,False,22.005061893259732,"{""spacing_m"": 22.0, ""boundary_radius_m"": 1100, ""north_south"": 0.0, ""ellipticity"": -0.05, ""selected_north_fraction"": 0.6}"
价值场自由排布,1929.2466916198168,,False,22.005061893259732,"{""spacing_m"": 22.0, ""boundary_radius_m"": 1100, ""north_south"": 0.0, ""ellipticity"": -0.05, ""selected_north_fraction"": 0.7}"
价值场自由排布,1945.6491888995301,,False,22.005061893259732,"{""spacing_m"": 22.0, ""boundary_radius_m"": 1100, ""north_south"": 0.0, ""ellipticity"": -0.05, ""selected_north_fraction"": 0.8}"
价值场自由排布,1898.3446406311486,,False,22.001291316230898,"{""spacing_m"": 22.0, ""boundary_radius_m"": 1100, ""north_south"": 0.0, ""ellipticity"": 0.0, ""selected_north_fraction"": 0.6}"
价值场自由排布,1931.024561615953,,False,22.001291316230898,"{""spacing_m"": 22.0, ""boundary_radius_m"": 1100, ""north_south"": 0.0, ""ellipticity"": 0.0, ""selected_north_fraction"": 0.7}"
价值场自由排布,1947.4167957879163,,False,22.001291316230898,"{""spacing_m"": 22.0, ""boundary_radius_m"": 1100, ""north_south"": 0.0, ""ellipticity"": 0.0, ""selected_north_fraction"": 0.8}"
价值场自由排布,1902.3948134486104,,False,22.000119044717394,"{""spacing_m"": 22.0, ""boundary_radius_m"": 1100, ""north_south"": 0.0, ""ellipticity"": 0.05, ""selected_north_fraction"": 0.6}"
价值场自由排布,1937.7747685627232,,False,22.000119044717394,"{""spacing_m"": 22.0, ""boundary_radius_m"": 1100, ""north_south"": 0.0, ""ellipticity"": 0.05, ""selected_north_fraction"": 0.7}"
价值场自由排布,1957.4032833709648,,False,22.000119044717394,"{""spacing_m"": 22.0, ""boundary_radius_m"": 1100, ""north_south"": 0.0, ""ellipticity"": 0.05, ""selected_north_fraction"": 0.8}"
价值场自由排布,1902.8361078128426,,False,22.00193605026651,"{""spacing_m"": 22.0, ""boundary_radius_m"": 1100, ""north_south"": 0.08, ""ellipticity"": -0.05, ""selected_north_fraction"": 0.6}"
价值场自由排布,1937.1258969762896,,False,22.00193605026651,"{""spacing_m"": 22.0, ""boundary_radius_m"": 1100, ""north_south"": 0.08, ""ellipticity"": -0.05, ""selected_north_fraction"": 0.7}"
价值场自由排布,1959.8477354678903,,False,22.00193605026651,"{""spacing_m"": 22.0, ""boundary_radius_m"": 1100, ""north_south"": 0.08, ""ellipticity"": -0.05, ""selected_north_fraction"": 0.8}"
价值场自由排布,1904.2162311785278,84.8839548431032,True,22.003432277808457,"{""spacing_m"": 22.0, ""boundary_radius_m"": 1100, ""north_south"": 0.08, ""ellipticity"": 0.0, ""selected_north_fraction"": 0.6}"
价值场自由排布,1941.5605875895183,,False,22.003858288725983,"{""spacing_m"": 22.0, ""boundary_radius_m"": 1100, ""north_south"": 0.08, ""ellipticity"": 0.0, ""selected_north_fraction"": 0.7}"
价值场自由排布,1966.517519260291,,False,22.010877192468367,"{""spacing_m"": 22.0, ""boundary_radius_m"": 1100, ""north_south"": 0.08, ""ellipticity"": 0.0, ""selected_north_fraction"": 0.8}"
价值场自由排布,1903.206181739521,,False,22.005424510626096,"{""spacing_m"": 22.0, ""boundary_radius_m"": 1100, ""north_south"": 0.08, ""ellipticity"": 0.05, ""selected_north_fraction"": 0.6}"
价值场自由排布,1943.1713396413445,83.4110195184109,True,22.005424510626096,"{""spacing_m"": 22.0, ""boundary_radius_m"": 1100, ""north_south"": 0.08, ""ellipticity"": 0.05, ""selected_north_fraction"": 0.7}"
价值场自由排布,1970.2406953014392,81.85502950096208,True,22.005424510626096,"{""spacing_m"": 22.0, ""boundary_radius_m"": 1100, ""north_south"": 0.08, ""ellipticity"": 0.05, ""selected_north_fraction"": 0.8}"
