layout,time_local,dni_w_m2,eta_cosine,eta_joint,eta_optical,receiver_incident_mw
Gemasolar重建参考,2023-03-21T13:10:00+01:00,948.92,0.8267617906859456,0.9958841723827144,0.5137951658890886,149.48542375536834
Gemasolar重建参考,2023-06-21T16:10:00+02:00,875.8,0.8207994697213751,0.9960727772754445,0.5168866576037862,138.79681347470645
Gemasolar重建参考,2023-09-21T11:10:00+02:00,722.04,0.778193982480394,0.9879279176533767,0.4805137556652219,106.37665139704313
Gemasolar重建参考,2023-12-21T14:10:00+01:00,821.87,0.7887866422926394,0.9758230539222738,0.47200041690877015,118.93912609381225
Campo优化圆形交错,2023-03-21T13:10:00+01:00,948.92,0.8603579585229271,0.9540545696685496,0.5158126576580859,150.0724001071012
Campo优化圆形交错,2023-06-21T16:10:00+02:00,875.8,0.8283114409122849,0.9608257322664815,0.5065423513149955,136.01911215591738
Campo优化圆形交错,2023-09-21T11:10:00+02:00,722.04,0.8013328509204928,0.9431605925527543,0.4761262422789166,105.405338970516
Campo优化圆形交错,2023-12-21T14:10:00+01:00,821.87,0.8426980821776615,0.9145061252774538,0.47656366799606253,120.08901723167133
非圆曲线交错,2023-03-21T13:10:00+01:00,948.92,0.850504410624957,0.98616535329127,0.477932448088959,139.05139493749348
非圆曲线交错,2023-06-21T16:10:00+02:00,875.8,0.8156752669432269,0.9881490463635175,0.4665965288394515,125.29267379719738
非圆曲线交错,2023-09-21T11:10:00+02:00,722.04,0.792047681326609,0.9816049411669807,0.4449621027621071,98.50618828776604
非圆曲线交错,2023-12-21T14:10:00+01:00,821.87,0.8376984576941471,0.9714559179964531,0.45713879142482433,115.19415324194355
价值场自由排布,2023-03-21T13:10:00+01:00,948.92,0.8606288170328157,0.8084364540199416,0.44186902157741204,128.5589712012357
价值场自由排布,2023-06-21T16:10:00+02:00,875.8,0.825637282522448,0.8402518359289416,0.44388678579828755,119.19454779109121
价值场自由排布,2023-09-21T11:10:00+02:00,722.04,0.806302618734842,0.8123564145546056,0.4162553505853913,92.1510566540915
价值场自由排布,2023-12-21T14:10:00+01:00,821.87,0.8431904120432954,0.7665688668068805,0.4059540058457678,102.29612720640971
