time_utc,time_local,date_local,dni_w_m2,elevation_deg,status,mirror_count,incident_normal_mw,incident_cosine_mw,geometric_usable_mw,post_atmosphere_mw,cosine_loss_mw,joint_loss_mw,atmospheric_loss_mw,reflected_mw,reflection_loss_mw,optical_upper_bound_mw,atmospheric_after_reflection_loss_mw,clean_mw,cleanliness_loss_mw,receiver_incident_mw,interception_loss_mw,receiver_absorbed_mw,receiver_absorption_loss_mw,receiver_net_thermal_mw,receiver_thermal_loss_mw,atmosphere_after_reflection_mw,eta_cosine_weighted,eta_optical_upper_bound,eta_intercept_weighted,eta_absorbed_weighted,eta_atmosphere_weighted,eta_shadow_weighted,mirrors_with_shadow_loss,eta_blocking_weighted,mirrors_with_blocking_loss,eta_joint_weighted,mirrors_with_joint_loss
2023-03-20T23:10:00+00:00,2023-03-21T00:10:00+01:00,2023-03-21,0.0,-48.25597835448764,night,2650,0.0,0.0,0.0,0.0,0.0,0.0,0.0,0.0,0.0,0.0,0.0,0.0,0.0,0.0,0.0,0.0,0.0,0.0,0.0,,,,,,,,,,,,
2023-03-21T00:10:00+00:00,2023-03-21T01:10:00+01:00,2023-03-21,0.0,-52.148571922561224,night,2650,0.0,0.0,0.0,0.0,0.0,0.0,0.0,0.0,0.0,0.0,0.0,0.0,0.0,0.0,0.0,0.0,0.0,0.0,0.0,,,,,,,,,,,,
2023-03-21T01:10:00+00:00,2023-03-21T02:10:00+01:00,2023-03-21,0.0,-51.189383441919894,night,2650,0.0,0.0,0.0,0.0,0.0,0.0,0.0,0.0,0.0,0.0,0.0,0.0,0.0,0.0,0.0,0.0,0.0,0.0,0.0,,,,,,,,,,,,
2023-03-21T02:10:00+00:00,2023-03-21T03:10:00+01:00,2023-03-21,0.0,-45.698504611477865,night,2650,0.0,0.0,0.0,0.0,0.0,0.0,0.0,0.0,0.0,0.0,0.0,0.0,0.0,0.0,0.0,0.0,0.0,0.0,0.0,,,,,,,,,,,,
2023-03-21T03:10:00+00:00,2023-03-21T04:10:00+01:00,2023-03-21,0.0,-37.10533287526939,night,2650,0.0,0.0,0.0,0.0,0.0,0.0,0.0,0.0,0.0,0.0,0.0,0.0,0.0,0.0,0.0,0.0,0.0,0.0,0.0,,,,,,,,,,,,
2023-03-21T04:10:00+00:00,2023-03-21T05:10:00+01:00,2023-03-21,0.0,-26.724071963860652,night,2650,0.0,0.0,0.0,0.0,0.0,0.0,0.0,0.0,0.0,0.0,0.0,0.0,0.0,0.0,0.0,0.0,0.0,0.0,0.0,,,,,,,,,,,,
2023-03-21T05:10:00+00:00,2023-03-21T06:10:00+01:00,2023-03-21,0.0,-15.388849062151726,night,2650,0.0,0.0,0.0,0.0,0.0,0.0,0.0,0.0,0.0,0.0,0.0,0.0,0.0,0.0,0.0,0.0,0.0,0.0,0.0,,,,,,,,,,,,
2023-03-21T06:10:00+00:00,2023-03-21T07:10:00+01:00,2023-03-21,0.0,-3.6038957249886874,night,2650,0.0,0.0,0.0,0.0,0.0,0.0,0.0,0.0,0.0,0.0,0.0,0.0,0.0,0.0,0.0,0.0,0.0,0.0,0.0,,,,,,,,,,,,
2023-03-21T07:10:00+00:00,2023-03-21T08:10:00+01:00,2023-03-21,0.0,8.281814571636971,calculated,2650,0.0,0.0,0.0,0.0,0.0,0.0,0.0,0.0,0.0,0.0,0.0,0.0,0.0,0.0,0.0,0.0,0.0,0.0,0.0,0.0,0.6889563368081513,0.29984289919272705,0.7608656034380584,0.27885389624923623,0.941766465906605,0.675843068838402,2206.0,0.9955703262360863,384.0,0.6739938879456088,2228.0
2023-03-21T08:10:00+00:00,2023-03-21T09:10:00+01:00,2023-03-21,0.0,19.952385927865766,calculated,2650,0.0,0.0,0.0,0.0,0.0,0.0,0.0,0.0,0.0,0.0,0.0,0.0,0.0,0.0,0.0,0.0,0.0,0.0,0.0,0.0,0.7327665027468705,0.4485759999516466,0.7792266526715763,0.4171756799550314,0.9439804007636426,0.9287745225228735,1205.0,0.9959587763998813,390.0,0.9258580254071698,1329.0
2023-03-21T09:10:00+00:00,2023-03-21T10:10:00+01:00,2023-03-21,655.43,31.017482541937103,calculated,2650,200.95811514999997,154.75557625925293,152.11306886456845,143.7352713405032,46.20253889074704,2.6425073946844613,8.377797524065265,133.85950060082027,18.253568263748214,94.96896555987125,7.00383873011856,127.16652557077923,6.692975030041018,94.96896555987125,25.193721280789433,88.32113797068027,6.647827589190983,78.74712661465854,9.574011356021746,120.1626868406607,0.770088712982502,0.49664579276408855,0.7866410806274982,0.4618805872706023,0.9449238807250395,0.9862117500438804,464.0,0.9964478793487989,374.0,0.9829246385910022,707.0
2023-03-21T10:10:00+00:00,2023-03-21T11:10:00+01:00,2023-03-21,817.2,40.87170572838579,calculated,2650,250.55760600000005,200.17782315206537,198.84507953433913,187.93048076055234,50.37978284793465,1.3327436177262373,10.914598773786789,174.98366999021846,23.861409544120697,124.24283818216439,9.124604574885756,166.23448649070752,8.749183499510929,124.24283818216439,32.86704373365737,115.54583950941289,8.696998672751501,103.02067050659251,12.52516900282036,157.10988191582177,0.7989293414308298,0.5124684222937401,0.7870654443252245,0.47659563273317834,0.9451100384311902,0.9967611947216444,211.0,0.9965590439161692,450.0,0.9933422014649755,581.0
2023-03-21T11:10:00+00:00,2023-03-21T12:10:00+01:00,2023-03-21,857.84,48.50142829061919,calculated,2650,263.0180332,215.16500710193017,214.13626647031128,202.38572996290029,47.85302609806983,1.0287406316188985,11.750536507410983,188.4399144938739,25.696351976437352,133.68716154566008,9.823448520195582,179.01791876918023,9.421995724693705,133.68716154566008,35.50730870332454,124.32906023746389,9.3581013081962,110.85179010772282,13.477270129741092,169.19447024898463,0.8180618054364271,0.5195938891031142,0.7863796213369952,0.4832223168658963,0.9451258924931331,0.9986327279399886,135.0,0.9965857805639695,491.0,0.9952188292814196,585.0
2023-03-21T12:10:00+00:00,2023-03-21T13:10:00+01:00,2023-03-21,948.9,52.43620139155307,calculated,2650,290.9374845,240.53624823044302,239.54626007859127,226.4017573901962,50.40123626955694,0.9899881518517285,13.144502688395093,210.80070886916036,28.745551209430957,149.48254422006087,10.988804247498297,200.26067342570232,10.540035443458029,149.48254422006087,39.78932495814315,139.01876612465665,10.463778095404255,123.94913187674385,15.069634247912786,189.27186917820407,0.8267626588021972,0.522733359930492,0.7860073148644147,0.48614202473535756,0.9451274977781636,0.9991155236034468,125.0,0.9967687218725136,518.0,0.9958842454759531,608.0
2023-03-21T13:10:00+00:00,2023-03-21T14:10:00+01:00,2023-03-21,895.54,51.49075824153206,calculated,2650,274.57704169999994,226.44966506912306,225.48511148836482,213.11229029761725,48.12737663087695,0.9645535807582536,12.372821190747548,198.426898109761,27.05821337860377,140.72524746052653,10.343678515464948,188.50555320427296,9.92134490548806,140.72524746052653,37.43662722828148,130.87448013828967,9.850767322236852,116.68768649129908,14.186793646990608,178.161874688808,0.824721774504875,0.5220099591870889,0.786105910699219,0.4854692620439927,0.945127990450997,0.9990175533640563,127.0,0.9967229772757658,505.0,0.9957405387176712,599.0
2023-03-21T14:10:00+00:00,2023-03-21T15:10:00+01:00,2023-03-21,857.09,45.98647783004948,calculated,2650,262.78807945,213.3871212823142,212.26143868528658,200.61364269718098,49.40095816768582,1.1256825970276552,11.647795988105539,186.79006604305218,25.471372642234385,132.55978366957646,9.737557446056233,177.45056274089956,9.339503302152618,132.55978366957646,35.15322162526687,123.28059881270612,9.279184856870346,109.91698190140876,13.363616911297349,167.71300529484333,0.8120121800384588,0.5174166278688083,0.7866445930361103,0.4811974639179916,0.9451252377245245,0.998208828744174,149.0,0.9965143692550538,487.0,0.9947246928949457,580.0
2023-03-21T15:10:00+00:00,2023-03-21T16:10:00+01:00,2023-03-21,817.3,37.37361389776895,calculated,2650,250.5882665,197.73834623081362,196.0611903842523,185.2946903367806,52.849920269186384,1.677155846561276,10.766500047471709,172.53384753814208,23.52734284611028,122.53252458647647,9.000794039686348,163.90715516123498,8.62669237690711,122.53252458647647,32.37383653507212,113.95524786542313,8.577276721053346,101.60249899681125,12.352748868611872,154.9063611215486,0.7890965885699744,0.508271069332762,0.7872869592336684,0.4726920944794687,0.9450860212244406,0.994858504813925,264.0,0.9965976004797147,422.0,0.9915183075082281,596.0
2023-03-21T16:10:00+00:00,2023-03-21T17:10:00+01:00,2023-03-21,685.62,26.979418961115886,calculated,2650,210.21452009999996,159.10610367076188,154.5072973848371,145.96494738003517,51.10841642923808,4.598806285924843,8.542350004801902,135.96642169865663,18.540875686180446,96.27075431819016,7.141404604014389,129.1681006137238,6.798321084932837,96.27075431819016,25.75594169151923,89.53180151591685,6.738952802273307,79.82655423159146,9.705247284325392,122.02669600970938,0.756874946578735,0.4848374782790324,0.7852574738656127,0.45089885479950015,0.9447123200690958,0.9742746661332108,688.0,0.996282411760843,384.0,0.971095978219408,893.0
2023-03-21T17:10:00+00:00,2023-03-21T18:10:00+01:00,2023-03-21,494.12,15.641945426445684,calculated,2650,151.4996626,108.59683075146442,94.09303312676863,88.76933119074917,42.902831848535584,14.50379762469579,5.323701936019479,82.8018691515564,11.291163975212235,57.7639946950062,4.450614818512284,78.66177569397858,4.140093457577824,57.7639946950062,16.447166180460094,53.720515066355766,4.043479628650431,47.8972112331628,5.823303833192969,74.21116087546629,0.7168123604221441,0.40957382865466796,0.7747280317803217,0.38090366064884124,0.9434208701844374,0.8689919737529848,1643.0,0.995772182198377,392.0,0.866443638139963,1718.0
2023-03-21T18:10:00+00:00,2023-03-21T19:10:00+01:00,2023-03-21,43.47,3.8666179507465954,calculated,2650,13.328119350000001,8.948902321793467,4.011598477486745,3.771410629072716,4.379217028206533,4.937303844306723,0.24018784841402807,3.530206660188335,0.4813918172984093,2.371659146970948,0.20079704127412742,3.3536963271789184,0.17651033300941693,2.371659146970948,0.7812401389338426,2.2056430066829815,0.16601614028796627,1.9665513047585466,0.23909170192443535,3.152899285904791,0.6714302360890448,0.18475583518589078,0.7486293242886941,0.1718229267228784,0.9401266478282977,0.4491067091595607,2413.0,0.9955283144240616,375.0,0.44827827293602335,2423.0
2023-03-21T19:10:00+00:00,2023-03-21T20:10:00+01:00,2023-03-21,0.0,-7.996058493549344,night,2650,0.0,0.0,0.0,0.0,0.0,0.0,0.0,0.0,0.0,0.0,0.0,0.0,0.0,0.0,0.0,0.0,0.0,0.0,0.0,,,,,,,,,,,,
2023-03-21T20:10:00+00:00,2023-03-21T21:10:00+01:00,2023-03-21,0.0,-19.627226412573723,night,2650,0.0,0.0,0.0,0.0,0.0,0.0,0.0,0.0,0.0,0.0,0.0,0.0,0.0,0.0,0.0,0.0,0.0,0.0,0.0,,,,,,,,,,,,
2023-03-21T21:10:00+00:00,2023-03-21T22:10:00+01:00,2023-03-21,0.0,-30.631917478515597,night,2650,0.0,0.0,0.0,0.0,0.0,0.0,0.0,0.0,0.0,0.0,0.0,0.0,0.0,0.0,0.0,0.0,0.0,0.0,0.0,,,,,,,,,,,,
2023-03-21T22:10:00+00:00,2023-03-21T23:10:00+01:00,2023-03-21,0.0,-40.40018951290092,night,2650,0.0,0.0,0.0,0.0,0.0,0.0,0.0,0.0,0.0,0.0,0.0,0.0,0.0,0.0,0.0,0.0,0.0,0.0,0.0,,,,,,,,,,,,
2023-06-20T22:10:00+00:00,2023-06-21T00:10:00+02:00,2023-06-21,0.0,-21.460338885287033,night,2650,0.0,0.0,0.0,0.0,0.0,0.0,0.0,0.0,0.0,0.0,0.0,0.0,0.0,0.0,0.0,0.0,0.0,0.0,0.0,,,,,,,,,,,,
2023-06-20T23:10:00+00:00,2023-06-21T01:10:00+02:00,2023-06-21,0.0,-26.635307617226253,night,2650,0.0,0.0,0.0,0.0,0.0,0.0,0.0,0.0,0.0,0.0,0.0,0.0,0.0,0.0,0.0,0.0,0.0,0.0,0.0,,,,,,,,,,,,
2023-06-21T00:10:00+00:00,2023-06-21T02:10:00+02:00,2023-06-21,0.0,-28.92772079947139,night,2650,0.0,0.0,0.0,0.0,0.0,0.0,0.0,0.0,0.0,0.0,0.0,0.0,0.0,0.0,0.0,0.0,0.0,0.0,0.0,,,,,,,,,,,,
2023-06-21T01:10:00+00:00,2023-06-21T03:10:00+02:00,2023-06-21,0.0,-28.01052416599417,night,2650,0.0,0.0,0.0,0.0,0.0,0.0,0.0,0.0,0.0,0.0,0.0,0.0,0.0,0.0,0.0,0.0,0.0,0.0,0.0,,,,,,,,,,,,
2023-06-21T02:10:00+00:00,2023-06-21T04:10:00+02:00,2023-06-21,0.0,-24.019785056765688,night,2650,0.0,0.0,0.0,0.0,0.0,0.0,0.0,0.0,0.0,0.0,0.0,0.0,0.0,0.0,0.0,0.0,0.0,0.0,0.0,,,,,,,,,,,,
2023-06-21T03:10:00+00:00,2023-06-21T05:10:00+02:00,2023-06-21,0.0,-17.47104201836887,night,2650,0.0,0.0,0.0,0.0,0.0,0.0,0.0,0.0,0.0,0.0,0.0,0.0,0.0,0.0,0.0,0.0,0.0,0.0,0.0,,,,,,,,,,,,
2023-06-21T04:10:00+00:00,2023-06-21T06:10:00+02:00,2023-06-21,0.0,-8.999484774139853,night,2650,0.0,0.0,0.0,0.0,0.0,0.0,0.0,0.0,0.0,0.0,0.0,0.0,0.0,0.0,0.0,0.0,0.0,0.0,0.0,,,,,,,,,,,,
2023-06-21T05:10:00+00:00,2023-06-21T07:10:00+02:00,2023-06-21,0.0,0.8335087026025688,calculated,2650,0.0,0.0,0.0,0.0,0.0,0.0,0.0,0.0,0.0,0.0,0.0,0.0,0.0,0.0,0.0,0.0,0.0,0.0,0.0,0.0,0.6284696203704355,0.06944810089331922,0.7396010244468539,0.06458673383078686,0.9378443473266646,0.19870180009009858,2484.0,0.9959268626275242,347.0,0.19866548535180767,2486.0
2023-06-21T06:10:00+00:00,2023-06-21T08:10:00+02:00,2023-06-21,0.0,11.598185627464263,calculated,2650,0.0,0.0,0.0,0.0,0.0,0.0,0.0,0.0,0.0,0.0,0.0,0.0,0.0,0.0,0.0,0.0,0.0,0.0,0.0,0.0,0.6716060000805202,0.35652079743496645,0.7843691575370675,0.33156434161451886,0.9438091894600146,0.7796164108569817,1894.0,0.9958974516267812,362.0,0.7773898111313806,1949.0
2023-06-21T07:10:00+00:00,2023-06-21T09:10:00+02:00,2023-06-21,503.84,22.977459398096425,calculated,2650,154.47986319999998,110.4130759474763,104.78867529233021,99.06436686699607,44.0667872525237,5.624400655146089,5.7243084253341445,92.21403425725057,12.574641035079624,66.23526634446198,4.785521843579345,87.60333254438805,4.610701712862533,66.23526634446198,16.58254435634672,61.59879770034964,4.636468644112336,54.921488029631746,6.677309670717905,82.8178107008087,0.7147408967117489,0.4662017264719444,0.7963751068494787,0.4335676056189084,0.9453728333776051,0.9524849864309152,948.0,0.9958376223768415,368.0,0.9490603752600678,1120.0
2023-06-21T08:10:00+00:00,2023-06-21T10:10:00+02:00,2023-06-21,650.64,34.72338465130852,calculated,2650,199.48947719999998,150.41648799976556,148.69341223059047,140.6560565086831,49.07298920023441,1.7230757691750898,8.037355721907385,130.85020276291962,17.843209467670857,94.45292314379114,6.719229383514574,124.30769262477365,6.542510138145987,94.45292314379114,23.135540097467935,87.84121852372574,6.611704620065375,78.31923043575388,9.521988087971877,117.58846324125906,0.7540071291528032,0.5034395827073818,0.7997781342097766,0.4681988119178651,0.945946793463565,0.9925846401251792,332.0,0.9958328584563254,410.0,0.9885446350191491,632.0
2023-06-21T09:10:00+00:00,2023-06-21T11:10:00+02:00,2023-06-21,521.26,46.59984962229601,calculated,2650,159.82092229999998,125.79701668791571,125.08097626364491,118.32068377331896,34.02390561208429,0.7160404242707926,6.7602924903259565,110.07125911200752,15.00971715163739,79.3064174957807,5.651604521912498,104.56769615640715,5.503562955600381,79.3064174957807,19.609674138713935,73.75496827107607,5.551449224704646,65.75992971049142,7.995038560584648,98.91609163449463,0.7871123184471555,0.5169701269898304,0.7982228828896124,0.4807822181005422,0.9459526724825312,0.9983304395577558,134.0,0.9959768512897252,442.0,0.9943079697506086,531.0
2023-06-21T10:10:00+00:00,2023-06-21T12:10:00+02:00,2023-06-21,776.79,58.27136322023813,calculated,2650,238.16769795000002,193.50101001300595,192.6914779019512,182.26681263886263,44.666687936994066,0.8095321110547576,10.424665263088539,169.56850055371703,23.12297734823414,121.91500450658982,8.715020159942016,161.09007552603117,8.47842502768586,121.91500450658982,30.460050859499336,113.38095419112854,8.534050315461283,101.09045875681021,12.290495434318341,152.37505536608916,0.8124569858907935,0.5255137821623825,0.796525811167437,0.4887278174110159,0.9458997077784986,0.9995430654703654,116.0,0.9962732903675224,490.0,0.9958163933562912,572.0
2023-06-21T11:10:00+00:00,2023-06-21T13:10:00+02:00,2023-06-21,832.5,68.92242079302768,calculated,2650,255.2486625,211.59065218047473,210.77542487346315,199.36422976219134,43.65801031952525,0.8152273070115928,11.411195111271775,185.48237388864754,25.293050984815576,133.1612521736901,9.539759113023203,176.20825519421518,9.274118694432387,133.1612521736901,33.50724390750191,123.83996452153177,9.321287652158297,110.41571236739773,13.424252154134052,166.66849608119196,0.8289589066131726,0.530817867793179,0.7953606866549339,0.4936606170476565,0.9458608843126644,0.9999924515371544,19.0,0.9961546972210259,658.0,0.9961471487581772,671.0
2023-06-21T12:10:00+00:00,2023-06-21T14:10:00+02:00,2023-06-21,842.42,75.60072026073406,calculated,2650,258.2901840999999,215.92179660358215,215.06805224818274,203.42005455200132,42.36838749641782,0.8537443553994227,11.647997696181413,189.25988597840083,25.808166269781925,135.78012719342675,9.737726074007659,179.79689167948075,9.462994298920048,135.78012719342675,34.27903841204634,126.2755182898869,9.504608903539866,112.58725210726315,13.688266182623744,170.0591656054731,0.8359659402309519,0.5329395266788501,0.7948201349784902,0.4956337598113306,0.9458404092359569,1.0,0.0,0.9960460482969821,599.0,0.9960460482969821,599.0
2023-06-21T13:10:00+00:00,2023-06-21T15:10:00+02:00,2023-06-21,733.4,72.67017600388355,calculated,2650,224.864107,187.35947658817744,186.61950008124387,176.51374384869456,37.504630411822575,0.7399765069335827,10.105756232549307,164.2251600714946,22.394340009749264,117.85083064508686,8.44841221041122,156.01390206791987,8.211258003574738,117.85083064508686,29.714659212421793,109.60127249993077,8.249558145156074,97.72049456093826,11.880777938992502,147.56548985750865,0.8332120189736526,0.5320858310005145,0.7950295393739778,0.4948398228304785,0.9458483372415539,1.0,0.0,0.9960504986435244,636.0,0.9960504986435244,636.0
2023-06-21T14:10:00+00:00,2023-06-21T16:10:00+02:00,2023-06-21,875.79,63.13906061745,calculated,2650,268.52159294999996,220.40277416192336,219.53721159458294,207.65555852708104,48.11881878807662,0.8655625673404135,11.881653067501906,193.192746203233,26.344465391349956,138.79554362476728,9.933061964431595,183.53310889307136,9.65963731016166,138.79554362476728,34.804503303872465,129.07985557103356,9.715688053733702,115.08759922713352,13.992256343900046,173.60004692863973,0.8208009335136166,0.528215801879861,0.7959279650655311,0.4912406957482707,0.9458786372424023,0.9997527969565176,148.0,0.9963200175956922,538.0,0.9960728145522137,664.0
2023-06-21T15:10:00+00:00,2023-06-21T17:10:00+02:00,2023-06-21,781.06,51.7525654952272,calculated,2650,239.47690129999998,191.39295601598255,190.46420408810806,180.1657092106735,48.083945284017425,0.9287519278744966,10.298494877434553,167.6084995975351,22.85570449057297,120.64323779982858,8.609541717535286,159.2280746176583,8.380424979876762,120.64323779982858,29.975295100294463,112.19821115384059,8.445026645987994,100.03592506476424,12.162286089076325,150.61853290012306,0.7992125961919759,0.5211050375334317,0.7974339332073602,0.48462768490609165,0.9459294993159423,0.999021348670777,118.0,0.9961260593257861,465.0,0.9951474079965777,544.0
2023-06-21T16:10:00+00:00,2023-06-21T18:10:00+02:00,2023-06-21,681.83,39.91100519711369,calculated,2650,209.05248715000005,160.83106169366403,159.61228521702236,150.98910471319806,48.22142545633599,1.2187764766416518,8.62318050382431,140.45881099097969,19.15347422604268,101.33107383422268,7.208978901197122,133.4358704414307,7.022940549548991,101.33107383422268,24.89581770601088,94.23789866582712,7.093175168395583,84.02251045045143,10.215388215375661,126.22689154023355,0.7693334046691538,0.5105247405527573,0.7992683840075804,0.4747880087140643,0.9459742056064199,0.9965331517867521,213.0,0.9958563662158456,422.0,0.9924220081381852,562.0
2023-06-21T17:10:00+00:00,2023-06-21T19:10:00+02:00,2023-06-21,593.78,28.076953712091704,calculated,2650,182.05591690000003,133.35998708106294,129.94970030003984,122.89995504223627,48.69592981893708,3.4102867810231112,7.04974525780356,114.35573626403504,15.593964036004778,82.4495090960001,5.893587035523776,108.63794945083329,5.717786813201757,82.4495090960001,20.294853319309407,76.6780434592801,5.771465636720004,68.36614354829415,8.311899910985968,102.74436241530952,0.7325221248058372,0.4877851365418371,0.7990440986661637,0.45364017698390857,0.9457501999502388,0.9781553974351572,627.0,0.9958505594416791,376.0,0.9744279610723856,835.0
2023-06-21T18:10:00+00:00,2023-06-21T20:10:00+02:00,2023-06-21,483.54,16.509324489744106,calculated,2650,148.2557817,102.40551968084408,89.94065726291005,84.96105056931182,45.85026201915592,12.464862417934038,4.9796066935982095,79.14777839136084,10.792878871549204,56.40608624233228,4.162951195848104,75.1903894717928,3.957388919568046,56.40608624233228,14.621352033612412,52.457660205369024,3.9484260369632573,46.77124983910702,5.686410366262006,71.02743827594468,0.690735420275647,0.4172615623242903,0.7907753254471466,0.38805325296159,0.9446345307546279,0.8809544345948889,1507.0,0.9958659246600822,368.0,0.878279389072172,1587.0
2023-06-21T19:10:00+00:00,2023-06-21T21:10:00+02:00,2023-06-21,202.14,5.442412736280295,calculated,2650,61.97713469999999,40.090111022630005,21.825256843697595,20.555859995408216,21.88702367736999,18.264854178932413,1.2693968482893825,19.206226022453887,2.6190308212437117,13.267923592823,1.0612157651699237,18.24591472133119,0.9603113011226951,13.267923592823,3.9167753633382674,12.33916894132539,0.9287546514976094,11.001603028085716,1.3375659132396729,17.184698956161267,0.6468532502621489,0.23007040109697394,0.7687588696286929,0.21396547302018576,0.9418381713727257,0.5454779799525412,2301.0,0.9958932268053454,351.0,0.5444049988132412,2311.0
2023-06-21T20:10:00+00:00,2023-06-21T22:10:00+02:00,2023-06-21,0.0,-4.842861879795216,night,2650,0.0,0.0,0.0,0.0,0.0,0.0,0.0,0.0,0.0,0.0,0.0,0.0,0.0,0.0,0.0,0.0,0.0,0.0,0.0,,,,,,,,,,,,
2023-06-21T21:10:00+00:00,2023-06-21T23:10:00+02:00,2023-06-21,0.0,-13.970471433820547,night,2650,0.0,0.0,0.0,0.0,0.0,0.0,0.0,0.0,0.0,0.0,0.0,0.0,0.0,0.0,0.0,0.0,0.0,0.0,0.0,,,,,,,,,,,,
2023-09-20T22:10:00+00:00,2023-09-21T00:10:00+02:00,2023-09-21,0.0,-41.944466373374446,night,2650,0.0,0.0,0.0,0.0,0.0,0.0,0.0,0.0,0.0,0.0,0.0,0.0,0.0,0.0,0.0,0.0,0.0,0.0,0.0,,,,,,,,,,,,
2023-09-20T23:10:00+00:00,2023-09-21T01:10:00+02:00,2023-09-21,0.0,-48.735750219168594,night,2650,0.0,0.0,0.0,0.0,0.0,0.0,0.0,0.0,0.0,0.0,0.0,0.0,0.0,0.0,0.0,0.0,0.0,0.0,0.0,,,,,,,,,,,,
2023-09-21T00:10:00+00:00,2023-09-21T02:10:00+02:00,2023-09-21,0.0,-51.53989485331356,night,2650,0.0,0.0,0.0,0.0,0.0,0.0,0.0,0.0,0.0,0.0,0.0,0.0,0.0,0.0,0.0,0.0,0.0,0.0,0.0,,,,,,,,,,,,
2023-09-21T01:10:00+00:00,2023-09-21T03:10:00+02:00,2023-09-21,0.0,-49.49770827056676,night,2650,0.0,0.0,0.0,0.0,0.0,0.0,0.0,0.0,0.0,0.0,0.0,0.0,0.0,0.0,0.0,0.0,0.0,0.0,0.0,,,,,,,,,,,,
2023-09-21T02:10:00+00:00,2023-09-21T04:10:00+02:00,2023-09-21,0.0,-43.255081448509394,night,2650,0.0,0.0,0.0,0.0,0.0,0.0,0.0,0.0,0.0,0.0,0.0,0.0,0.0,0.0,0.0,0.0,0.0,0.0,0.0,,,,,,,,,,,,
2023-09-21T03:10:00+00:00,2023-09-21T05:10:00+02:00,2023-09-21,0.0,-34.248083596172734,night,2650,0.0,0.0,0.0,0.0,0.0,0.0,0.0,0.0,0.0,0.0,0.0,0.0,0.0,0.0,0.0,0.0,0.0,0.0,0.0,,,,,,,,,,,,
2023-09-21T04:10:00+00:00,2023-09-21T06:10:00+02:00,2023-09-21,0.0,-23.66131263709666,night,2650,0.0,0.0,0.0,0.0,0.0,0.0,0.0,0.0,0.0,0.0,0.0,0.0,0.0,0.0,0.0,0.0,0.0,0.0,0.0,,,,,,,,,,,,
2023-09-21T05:10:00+00:00,2023-09-21T07:10:00+02:00,2023-09-21,0.0,-12.23500633231683,night,2650,0.0,0.0,0.0,0.0,0.0,0.0,0.0,0.0,0.0,0.0,0.0,0.0,0.0,0.0,0.0,0.0,0.0,0.0,0.0,,,,,,,,,,,,
2023-09-21T06:10:00+00:00,2023-09-21T08:10:00+02:00,2023-09-21,0.0,-0.42855316247386005,night,2650,0.0,0.0,0.0,0.0,0.0,0.0,0.0,0.0,0.0,0.0,0.0,0.0,0.0,0.0,0.0,0.0,0.0,0.0,0.0,,,,,,,,,,,,
2023-09-21T07:10:00+00:00,2023-09-21T09:10:00+02:00,2023-09-21,358.51,11.42277954657933,calculated,2650,109.92095855000001,76.97395383013783,59.68912090056588,56.268296153144185,32.94700471986216,17.284832929571945,3.4208247474216975,52.52642639249798,7.162694508067906,36.337871824069225,2.859809488844539,49.90010507287308,2.626321319624901,36.337871824069225,10.702423759959318,33.79422079638438,2.5436510276848434,30.130927262056307,3.663293534328068,47.04029558402854,0.7002663991064499,0.356071419713948,0.7688706025987008,0.33114642033397174,0.9426893092776433,0.7776764539573155,1976.0,0.9956309398638182,386.0,0.7754456920880637,2026.0
2023-09-21T08:10:00+00:00,2023-09-21T10:10:00+02:00,2023-09-21,531.42,22.993874791492484,calculated,2650,162.93602909999996,121.02258988538478,115.05136795196252,108.65197932969342,41.91343921461521,5.971221933422259,6.399388622269096,101.24520379772702,13.806164154235502,71.42829537017161,5.349888888216963,96.18294360784066,5.062260189886356,71.42829537017161,19.40475934945208,66.42831469425961,4.99998067591201,59.22748538140187,7.200829312857746,90.83305471962369,0.742761380364245,0.4673813913634567,0.7827165927228211,0.4346646939680147,0.9443779875356108,0.9537475907125362,923.0,0.9960786653142271,395.0,0.9506602697969252,1100.0
2023-09-21T09:10:00+00:00,2023-09-21T11:10:00+02:00,2023-09-21,722.05,33.85780384436988,calculated,2650,221.38414025000003,172.2792602500677,170.19938004358582,160.8451032060708,49.10487999993232,2.079880206481877,9.35427683751501,149.7754544383555,20.423925605230295,106.37777991232025,7.820175436162551,142.28668171643773,7.488772721917783,106.37777991232025,28.088726367954916,98.93133531845784,7.446444593862412,88.207178569937,10.724156748520834,134.46650628027515,0.7781915183965745,0.5026765350364008,0.7874058488050791,0.46748917758385267,0.9450393013469289,0.9912647122027302,353.0,0.9965160819609967,388.0,0.9879272745688431,643.0
2023-09-21T10:10:00+00:00,2023-09-21T12:10:00+02:00,2023-09-21,617.56,43.32881683276065,calculated,2650,189.3469838,152.3869207244645,151.48688286422419,143.1758167581795,36.96006307553551,0.9000378602402811,8.311066106044672,133.3084569205173,18.1784259437069,94.66183400211388,6.948051264653346,126.64303407449142,6.665422846025871,94.66183400211388,25.0331488077242,88.03550562196591,6.626328380147966,78.49245681254479,9.543048809421107,119.69498280983808,0.8048024725095435,0.5149373898004833,0.787118822142511,0.4788917725144495,0.9451367276895268,0.9975719815206192,182.0,0.9965136988666389,470.0,0.9940937328744396,586.0
2023-09-21T11:10:00+00:00,2023-09-21T13:10:00+02:00,2023-09-21,362.08,50.26168666521697,calculated,2650,111.01553840000004,91.19936421498078,90.7903461298539,85.80991443383512,19.816174185019218,0.40901808512688176,4.980431696018783,79.89550459427143,10.894841535582469,56.6871896347837,4.163640897871703,75.90072936455786,3.994775229713576,56.6871896347837,15.049898831902462,52.71908636034884,3.9681032744348563,47.004337398887024,5.714748961461817,71.73708846668616,0.8215008955447338,0.5210169783602164,0.7864476191809748,0.4845457898750013,0.9451435983194131,0.9988701991842238,129.0,0.9966449221255733,509.0,0.9955151213098075,595.0
2023-09-21T12:10:00+00:00,2023-09-21T14:10:00+02:00,2023-09-21,526.87,53.11480417233751,calculated,2650,161.54097635000005,133.70181110854108,133.15996166991806,125.85511389188224,27.839165241458932,0.5418494386230113,7.304847778035821,117.18076626952791,15.979195400390166,83.11180128957714,6.106852742437947,111.3217279560515,5.8590383134764,83.11180128957714,22.103073924036412,77.29397519930674,5.817826090270396,68.91530828770189,8.378666911604855,105.21487521361355,0.8276649933008844,0.523205324128543,0.7861571831548172,0.4865809514395451,0.9451423108986519,0.9991783845103177,125.0,0.9967689445936861,517.0,0.9959473291039929,608.0
2023-09-21T13:10:00+00:00,2023-09-21T15:10:00+02:00,2023-09-21,109.34,50.95666436995567,calculated,2650,33.524190700000005,27.59291311828231,27.472352605477116,25.965284923739382,5.931277581717693,0.12056051280519246,1.507067681737736,24.175670292819866,3.2966823126572544,17.15121267941419,1.2599085819327474,22.96688677817887,1.2087835146409944,17.15121267941419,4.555765516831933,15.950627791855196,1.2005848875589922,14.221579739218093,1.729048052637104,21.706978196246123,0.8230746974686045,0.5215687394584528,0.7863623353800064,0.4850589276963612,0.945142387207229,0.9989564436554822,131.0,0.9966742999239179,500.0,0.9956307435793971,591.0
2023-09-21T14:10:00+00:00,2023-09-21T16:10:00+02:00,2023-09-21,0.0,44.509713555360165,calculated,2650,0.0,0.0,0.0,0.0,0.0,0.0,0.0,0.0,0.0,0.0,0.0,0.0,0.0,0.0,0.0,0.0,0.0,0.0,0.0,0.0,0.8078913281365083,0.5160553845792553,0.7869755113219257,0.47993150765870735,0.9451366005079156,0.9978784020087682,166.0,0.9965040515490197,471.0,0.9943864385467888,578.0
2023-09-21T15:10:00+00:00,2023-09-21T17:10:00+02:00,2023-09-21,0.0,35.31471111213855,calculated,2650,0.0,0.0,0.0,0.0,0.0,0.0,0.0,0.0,0.0,0.0,0.0,0.0,0.0,0.0,0.0,0.0,0.0,0.0,0.0,0.0,0.7826726112272409,0.5052049693420977,0.7874509140432113,0.4698406214881508,0.9450677264951227,0.9930279653909694,310.0,0.996560441159328,411.0,0.9896945900047631,627.0
2023-09-21T16:10:00+00:00,2023-09-21T18:10:00+02:00,2023-09-21,7.21,24.592000978120304,calculated,2650,2.21062205,1.654502172436404,1.5885155615508444,1.5004055070972437,0.556119877563596,0.06598661088555943,0.08811005445360098,1.397893694164743,0.19062186738610135,0.9879331287261465,0.07366000552321042,1.327999009456506,0.06989468470823722,0.9879331287261465,0.2664058752071491,0.9187778097153163,0.0691553190108302,0.819182295142176,0.09959551457314034,1.2543390039332956,0.7484328551035687,0.4751831261836954,0.7839522635859717,0.44192030735083676,0.9445330869987951,0.9632408885060959,825.0,0.9961640839985576,392.0,0.9601169391102169,1018.0
2023-09-21T17:10:00+00:00,2023-09-21T19:10:00+02:00,2023-09-21,70.71,13.080464834593256,calculated,2650,21.680039549999996,15.323553221107707,12.501203935638797,11.789056298461773,6.356486328892291,2.8223492854689116,0.7121476371770212,11.00105946336214,1.5001444722766553,7.6415332580650395,0.5953554246799898,10.451006490194034,0.5500529731681074,7.6415332580650395,2.214117807449003,7.1066259300004875,0.5349073280645524,6.336267679188434,0.7703582508120531,9.85565106551404,0.7068046709862994,0.3793834802738156,0.7717194757068337,0.35282663665464853,0.9430336757288784,0.8180899948078854,1861.0,0.9956797864976854,390.0,0.8158162637121777,1918.0
2023-09-21T18:10:00+00:00,2023-09-21T20:10:00+02:00,2023-09-21,0.0,1.2317064952553338,calculated,2650,0.0,0.0,0.0,0.0,0.0,0.0,0.0,0.0,0.0,0.0,0.0,0.0,0.0,0.0,0.0,0.0,0.0,0.0,0.0,0.0,0.6609333304520376,0.0859464794103342,0.7377322313648291,0.0799302258516108,0.9383403354299745,0.23133501908411389,2495.0,0.9955360522464425,373.0,0.23124229215524975,2498.0
2023-09-21T19:10:00+00:00,2023-09-21T21:10:00+02:00,2023-09-21,0.0,-10.62398954647717,night,2650,0.0,0.0,0.0,0.0,0.0,0.0,0.0,0.0,0.0,0.0,0.0,0.0,0.0,0.0,0.0,0.0,0.0,0.0,0.0,,,,,,,,,,,,
2023-09-21T20:10:00+00:00,2023-09-21T22:10:00+02:00,2023-09-21,0.0,-22.16237298895385,night,2650,0.0,0.0,0.0,0.0,0.0,0.0,0.0,0.0,0.0,0.0,0.0,0.0,0.0,0.0,0.0,0.0,0.0,0.0,0.0,,,,,,,,,,,,
2023-09-21T21:10:00+00:00,2023-09-21T23:10:00+02:00,2023-09-21,0.0,-32.954716709869594,night,2650,0.0,0.0,0.0,0.0,0.0,0.0,0.0,0.0,0.0,0.0,0.0,0.0,0.0,0.0,0.0,0.0,0.0,0.0,0.0,,,,,,,,,,,,
2023-12-20T23:10:00+00:00,2023-12-21T00:10:00+01:00,2023-12-21,0.0,-69.56154965798774,night,2650,0.0,0.0,0.0,0.0,0.0,0.0,0.0,0.0,0.0,0.0,0.0,0.0,0.0,0.0,0.0,0.0,0.0,0.0,0.0,,,,,,,,,,,,
2023-12-21T00:10:00+00:00,2023-12-21T01:10:00+01:00,2023-12-21,0.0,-75.7417209760182,night,2650,0.0,0.0,0.0,0.0,0.0,0.0,0.0,0.0,0.0,0.0,0.0,0.0,0.0,0.0,0.0,0.0,0.0,0.0,0.0,,,,,,,,,,,,
2023-12-21T01:10:00+00:00,2023-12-21T02:10:00+01:00,2023-12-21,0.0,-72.14823943444134,night,2650,0.0,0.0,0.0,0.0,0.0,0.0,0.0,0.0,0.0,0.0,0.0,0.0,0.0,0.0,0.0,0.0,0.0,0.0,0.0,,,,,,,,,,,,
2023-12-21T02:10:00+00:00,2023-12-21T03:10:00+01:00,2023-12-21,0.0,-62.39977154221596,night,2650,0.0,0.0,0.0,0.0,0.0,0.0,0.0,0.0,0.0,0.0,0.0,0.0,0.0,0.0,0.0,0.0,0.0,0.0,0.0,,,,,,,,,,,,
2023-12-21T03:10:00+00:00,2023-12-21T04:10:00+01:00,2023-12-21,0.0,-50.960566041833715,night,2650,0.0,0.0,0.0,0.0,0.0,0.0,0.0,0.0,0.0,0.0,0.0,0.0,0.0,0.0,0.0,0.0,0.0,0.0,0.0,,,,,,,,,,,,
2023-12-21T04:10:00+00:00,2023-12-21T05:10:00+01:00,2023-12-21,0.0,-39.11221617521295,night,2650,0.0,0.0,0.0,0.0,0.0,0.0,0.0,0.0,0.0,0.0,0.0,0.0,0.0,0.0,0.0,0.0,0.0,0.0,0.0,,,,,,,,,,,,
2023-12-21T05:10:00+00:00,2023-12-21T06:10:00+01:00,2023-12-21,0.0,-27.29169903217838,night,2650,0.0,0.0,0.0,0.0,0.0,0.0,0.0,0.0,0.0,0.0,0.0,0.0,0.0,0.0,0.0,0.0,0.0,0.0,0.0,,,,,,,,,,,,
2023-12-21T06:10:00+00:00,2023-12-21T07:10:00+01:00,2023-12-21,0.0,-15.752709707752627,night,2650,0.0,0.0,0.0,0.0,0.0,0.0,0.0,0.0,0.0,0.0,0.0,0.0,0.0,0.0,0.0,0.0,0.0,0.0,0.0,,,,,,,,,,,,
2023-12-21T07:10:00+00:00,2023-12-21T08:10:00+01:00,2023-12-21,0.0,-4.730779976637652,night,2650,0.0,0.0,0.0,0.0,0.0,0.0,0.0,0.0,0.0,0.0,0.0,0.0,0.0,0.0,0.0,0.0,0.0,0.0,0.0,,,,,,,,,,,,
2023-12-21T08:10:00+00:00,2023-12-21T09:10:00+01:00,2023-12-21,380.16,5.488330884307182,calculated,2650,116.55895679999998,82.7354000234031,45.02184581207922,42.316532415951876,33.82355677659689,37.713554211323896,2.7053133961273446,39.61922431462972,5.402621497449507,26.308417478596855,2.2616419991624603,37.63826309889823,1.9809612157314875,26.308417478596855,9.068203621138915,24.466828255095077,1.8415892235017788,21.814624072242772,2.6522041828523073,35.376621099735765,0.709815893130944,0.23443566192308363,0.7399183999581043,0.21802516558846777,0.9399110954397717,0.5450228855646446,2383.0,0.9965814645821268,336.0,0.5441666541691226,2396.0
2023-12-21T09:10:00+00:00,2023-12-21T10:10:00+01:00,2023-12-21,644.01,14.520946079290177,calculated,2650,197.45668604999994,146.77605326478667,124.37152078427121,117.1832500377315,50.68063278521332,22.404532480515442,7.188270746539721,109.44693829015868,14.924582494112547,74.73453491921329,6.009394344107206,103.97459137565073,5.472346914507939,74.73453491921329,23.230662112330243,69.50311747486838,5.231417444344927,61.968979540592635,7.534137934275734,97.96519703154352,0.7433329111358632,0.39891061411940665,0.7590254132551807,0.37098687113104817,0.9422032415362347,0.8494026280352681,1828.0,0.9967147804937463,359.0,0.8473556688426737,1897.0
2023-12-21T10:10:00+00:00,2023-12-21T11:10:00+01:00,2023-12-21,774.75,21.853565648065203,calculated,2650,237.54222374999995,182.69040883775966,172.53601233693703,162.74685622884678,54.85181491224029,10.154396500822662,9.789156108090257,151.8316908565046,20.704321480432444,105.04088194783486,8.183734506363454,144.24010631367938,7.591584542825237,105.04088194783486,31.01548985948104,97.68802021148643,7.352861736348435,87.09863882056129,10.589381390925134,136.0563718073159,0.7690860426987971,0.4623148723941406,0.7681856227588831,0.42995283132655077,0.9432631137378236,0.9465520606823136,1056.0,0.9968562776333623,407.0,0.9444174624961271,1208.0
2023-12-21T11:10:00+00:00,2023-12-21T12:10:00+01:00,2023-12-21,812.64,26.863902603969546,calculated,2650,249.1594872,195.75354621914147,190.3002651736887,179.6036012706667,53.40594098085853,5.453281045452756,10.696663903022046,167.4642333528461,22.836031820842646,116.59425921839976,8.942411022926429,159.0910216852038,8.373211667642313,116.59425921839976,33.554351443877586,108.43266107311177,8.161598145287977,96.67856061278646,11.754100460325324,150.14861066227735,0.7856555992267327,0.48547645013691465,0.7726515586765594,0.45149309862733067,0.9437905990658546,0.9743244441693852,699.0,0.9972116586255024,419.0,0.9721421085299373,915.0
2023-12-21T12:10:00+00:00,2023-12-21T13:10:00+01:00,2023-12-21,815.79,28.96143423135064,calculated,2650,250.12529294999996,198.17769962144058,194.07765220853042,183.19793590481822,51.947593328559414,4.100047412910148,10.879716303712197,170.78833394350679,23.28931826502365,119.10671522934408,9.095442829903396,162.2489172463314,8.539416697175346,119.10671522934408,34.04675918708395,110.76924516329,8.33747006605408,98.76185898758936,12.00738617570064,153.15347441642803,0.7923137131959552,0.4922809053083397,0.7738110566402505,0.45782124193675594,0.9439414266408052,0.9813538854254916,615.0,0.9976233123988176,382.0,0.9793112574182561,843.0
2023-12-21T13:10:00+00:00,2023-12-21T14:10:00+01:00,2023-12-21,821.83,27.84469168317697,calculated,2650,251.97718715000005,198.75711771394998,193.9528019486484,183.06574238816864,53.22006943605006,4.804315765301572,10.88705956047979,170.6784657148106,23.274336233837808,118.934734032409,9.101581792561102,162.14454242907004,8.533923285740537,118.934734032409,34.10822660409997,110.60930265014038,8.325431382268624,98.61925424286514,11.990048407275221,153.04296063650895,0.788790128035009,0.48890811212838076,0.7732540231285805,0.45468454427939414,0.9438674798657343,0.9780080357874962,660.0,0.9973615091814719,415.0,0.9758282077112028,891.0
2023-12-21T14:10:00+00:00,2023-12-21T15:10:00+01:00,2023-12-21,766.28,23.678715796102,calculated,2650,234.94527940000003,182.1357293143851,174.15724044433068,164.31286272883392,52.80955008561493,7.978488870054374,9.844377715496805,153.25837159101104,20.898868853319687,106.30413381591003,8.229899770155328,145.59545301146045,7.662918579550558,106.30413381591003,31.061419425395094,98.86284444879637,7.441289367113698,88.14611211054682,10.71673233824953,137.36555324130515,0.7752261708748556,0.47168945123057604,0.770018079944721,0.4386711896444358,0.9434741978548773,0.9582956250278367,914.0,0.9969470497033156,416.0,0.9561948174579044,1094.0
2023-12-21T15:10:00+00:00,2023-12-21T16:10:00+01:00,2023-12-21,679.83,16.994112697764976,calculated,2650,208.43927715000004,156.7873928189148,139.7794792461753,131.75391564121458,51.65188433108521,17.00791357273951,8.025563604960729,123.00594173663426,16.773537509541036,84.37871560696856,6.709371173747169,116.85564464980254,6.150297086831719,84.37871560696856,25.7675578690868,78.47220551448076,5.906510092487795,69.96581843671105,8.50638707776972,110.14627347605537,0.7521969705646467,0.42580223784138355,0.7622062030236921,0.3959960811924868,0.9425841071361674,0.8936542273463286,1577.0,0.996722578755741,373.0,0.8915224415244712,1672.0
2023-12-21T16:10:00+00:00,2023-12-21T17:10:00+01:00,2023-12-21,523.74,8.425362440114279,calculated,2650,160.5813027,115.75446911154941,78.49111050572344,73.84414180760375,44.826833588450604,37.263358605825964,4.646968698119706,69.07217724503663,9.418933260686813,46.340898576209625,3.884865831628074,65.6185683827848,3.4536088622518344,46.340898576209625,15.392803974947089,43.09703567587496,3.243862900334672,38.425317008610115,4.671718667264849,61.73370255115672,0.7208464943630664,0.3038717324749828,0.7468795692739633,0.282600711201734,0.9407962421708781,0.6794608798851207,2274.0,0.996643365651438,340.0,0.6780827652544776,2296.0
2023-12-21T17:10:00+00:00,2023-12-21T18:10:00+01:00,2023-12-21,0.0,-1.4739744306458669,night,2650,0.0,0.0,0.0,0.0,0.0,0.0,0.0,0.0,0.0,0.0,0.0,0.0,0.0,0.0,0.0,0.0,0.0,0.0,0.0,,,,,,,,,,,,
2023-12-21T18:10:00+00:00,2023-12-21T19:10:00+01:00,2023-12-21,0.0,-12.282212073891278,night,2650,0.0,0.0,0.0,0.0,0.0,0.0,0.0,0.0,0.0,0.0,0.0,0.0,0.0,0.0,0.0,0.0,0.0,0.0,0.0,,,,,,,,,,,,
2023-12-21T19:10:00+00:00,2023-12-21T20:10:00+01:00,2023-12-21,0.0,-23.68800274729497,night,2650,0.0,0.0,0.0,0.0,0.0,0.0,0.0,0.0,0.0,0.0,0.0,0.0,0.0,0.0,0.0,0.0,0.0,0.0,0.0,,,,,,,,,,,,
2023-12-21T20:10:00+00:00,2023-12-21T21:10:00+01:00,2023-12-21,0.0,-35.44611257026977,night,2650,0.0,0.0,0.0,0.0,0.0,0.0,0.0,0.0,0.0,0.0,0.0,0.0,0.0,0.0,0.0,0.0,0.0,0.0,0.0,,,,,,,,,,,,
2023-12-21T21:10:00+00:00,2023-12-21T22:10:00+01:00,2023-12-21,0.0,-47.31874876112422,night,2650,0.0,0.0,0.0,0.0,0.0,0.0,0.0,0.0,0.0,0.0,0.0,0.0,0.0,0.0,0.0,0.0,0.0,0.0,0.0,,,,,,,,,,,,
2023-12-21T22:10:00+00:00,2023-12-21T23:10:00+01:00,2023-12-21,0.0,-58.95764445465188,night,2650,0.0,0.0,0.0,0.0,0.0,0.0,0.0,0.0,0.0,0.0,0.0,0.0,0.0,0.0,0.0,0.0,0.0,0.0,0.0,,,,,,,,,,,,
