step,accepted,mirror_id,from_x_m,from_y_m,to_x_m,to_y_m,proxy_gain,exact_global_gain_w,stop_reason,best_proxy_gain,best_global_gain_w
1,True,C0589,161.51997842203497,-212.99601717875512,-27.312563796517395,92.6874362034826,1484.8545570963981,158164.8080433309,,,
2,True,C0590,146.60807582265286,-223.52198743534487,-87.3125637965174,32.687436203482605,1472.0739092978718,156880.12664476037,,,
3,True,C0588,175.67880032133516,-201.47696116708636,2.687436203482605,92.6874362034826,1416.9880746409785,150913.32014742494,,,
4,True,C0587,189.01852655687907,-189.01852655687904,-177.3125637965174,212.6874362034826,1407.4710024660553,114715.1950314939,,,
5,True,C0591,131.01261869672376,-233.00579500453213,-207.3125637965174,182.6874362034826,1395.7016270298982,113456.94172611833,,,
6,True,C0586,201.4769611670864,-175.67880032133513,-207.3125637965174,212.6874362034826,1384.0715791940745,111369.62545672059,,,
7,True,C0592,114.80632026452673,-241.40322199752453,-147.3125637965174,242.6874362034826,1370.1712483803703,116554.18625462055,,,
8,True,C0585,212.99601717875515,-161.5199784220349,-117.3125637965174,242.6874362034826,1369.2480054189016,69095.9549856782,,,
9,True,C0497,159.25763928622354,-195.75393578019165,-237.3125637965174,152.6874362034826,1356.4681809900726,113273.21962246299,,,
10,True,C0498,145.52765196760436,-206.1657138256798,-117.3125637965174,272.6874362034826,1332.6156530886828,104936.92573598027,,,
11,True,C0499,131.11914755719454,-215.6162521433181,-87.3125637965174,272.6874362034826,1313.5328782234003,108107.90480464697,,,
12,True,C0584,223.52198743534478,-146.60807582265292,-267.3125637965174,122.6874362034826,1310.1352904328594,106233.01866090298,,,
13,True,C0593,98.06474177048679,-248.6751157332694,-267.3125637965174,92.6874362034826,1292.0769816313305,110778.15487599373,,,
14,True,C0496,172.24509397415054,-184.4294625223756,-57.312563796517395,272.6874362034826,1299.1793044097542,109201.54592251778,,,
15,True,C0495,184.42946252237553,-172.24509397415056,32.687436203482605,92.6874362034826,1275.491033554786,135030.9024106562,,,
16,True,C0583,233.00579500453213,-131.01261869672373,-267.3125637965174,62.687436203482605,1248.1232923797359,86602.0283625722,,,
17,True,C0500,116.0993051537935,-224.06148796092253,-27.312563796517395,272.6874362034826,1251.1058138545848,94854.5605020523,,,
18,True,C0594,80.86594018177229,-254.78757128632708,-87.3125637965174,-57.312563796517395,1088.9733020626998,120945.32670548558,,,
19,True,C0494,195.75393578019168,-159.2576392862235,92.6874362034826,272.6874362034826,1049.5619273083275,57562.822845220566,,,
20,True,C0501,100.5381541961294,-231.46204569063065,-267.3125637965174,-117.3125637965174,913.4071910967073,72221.19301491976,,,
21,True,C0493,206.16571382567983,-145.52765196760433,152.6874362034826,242.6874362034826,900.4129136099978,44305.56436267495,,,
22,True,C0404,156.017304349289,-178.9282048390544,-57.312563796517395,-87.3125637965174,896.3641726474493,95740.94208404422,,,
23,True,C0405,143.4430994853557,-189.1580792706979,92.6874362034826,32.687436203482605,873.673125514664,93128.27234956622,,,
24,True,C0406,130.20009667557267,-198.50601141783292,92.6874362034826,2.687436203482605,769.6417212758656,83067.71153476834,,,
25,True,C0403,167.8640845198062,-167.86408451980617,-237.3125637965174,-177.3125637965174,752.3477002525797,54511.13067904115,,,
26,True,C0492,215.61625214331818,-131.1191475571944,-207.3125637965174,-207.3125637965174,641.509827902855,42191.899445444345,,,
27,True,C0502,84.50824795328874,-237.7834205160691,92.6874362034826,-27.312563796517395,635.48068048029,72688.82794678211,,,
28,True,C0582,241.40322199752453,-114.80632026452666,32.687436203482605,-87.3125637965174,602.3889133790685,70896.70572930574,,,
29,False,,,,,,,,no_global_gain_above_limit,585.7966447732613,27398.791373580694
